KEY,English,SChinese,TChinese,Japanese
Language,English,SChinese,TChinese,Japanese
LKStartGame,Tap to Start,????ʼ,????ʼ,Tap to Start
LKTitle,Star Painter,??????????????????,,
LKAquariusTitle,Aquarius,ˮƿ?,ˮƿ?,?ߤ??????
LKAquariusLatin,the Water-Bearer,Aquarius,Aquarius,Aquarius
LKAquariusInfo,"In Greek mythology, Aquarius is identified with beautiful Ganymede, a youth in Greek mythology and the son of Trojan king Tros, who was taken to Mount Olympus by Zeus to act as cup-carrier to the gods.Neighboring Aquila represents the eagle, under Zeus' command, that snatched the young boy.",ˮƿ?????????????????Ƶ????٤?ī????????????????????һ???????????ʱ???˹???վ?????һ??٤?ī??????????????ͱ????ֻ???°?°?٤?ī?????????˹ɽ????٤?ī????Ӵ˳???˹???ĵ???ס?Ҳ?˵???Ʊ?ƿ?Ϊ??䴴????̿??????Cecrops???????ˮ????????????,ˮƿ???????_???ƿ????Ƶ????٤?ī?????__????????????һ???????_???_???˹????_??һ_٤?ī?????_??_????????ֻ??_?_?٤?ī?????_???˹ɽ????٤?ī???_?˳??˹???ĵ??????Ҳ?_??__ƿ?_???????̿??˹??Cecrops???????ˮ__????_????,?᥽?ݥ??ߥ??Ǥϥ??å??ɤ????ȥ??󥭤?_?ӤĤ??????飨Gulla??_?????Σ???ԭ??ȿ??????Ƥ??롣???ꥷ???_?Ǥϡ????˥?_???????路???????γ֤?????????????????_?ˤϡ?ˮ?????ˮ?????????֤??Ԥ?ˤȤ???褫?졢????????ˮ?ϤߤʤߤΤ?????οڤ????_??????
LKAriesTitle,Aries,????,????,???ҤĤ??
LKAriesLatin,the Ram,Aries,Aries,Aries
LKAriesInfo,"Aries is associated with the golden ram of Greek mythology that rescued Phrixos and Helle on orders from Hermes, taking him to the land of Colchis. After arriving, Phrixos sacrificed the ram to Zeus and gave the Fleece to Ae_tes of Colchis. Phrixos and Helle were the son and daughter of King Athamas and his first wife Nephele. The king's second wife, Ino, was jealous and wished to kill his children.",???????˹??????????β???????????????ױ??????????˹֮Ů?ŵΪ???????ŵŰ??????˹?ĺ???????˹????ղ?????????˹?ȸ????˹???????˹????????????????????ƶ???˹???????˹?ѽ??͸??ƶ???˹????????˹???????˹Ҳ??????????????????????????˹??????˹???????????????Ϊ?˰??????,_????_˹??????????β??????????????ױ??_??????˹֮Ů?__???????_Ű?????_˹?ĺ????_???˹????ղ???????__˹?ȸ?_???˹????_???˹?___?????????_?_??Ŀ???˹????_???˹?ѽ???????˹_??????˹???????˹Ҳ_??_???_??_??_?_???_???˹???_?˹_?????????????_?˰??????,???ꥷ???_?ˤ??ȡ??ܥ????ƥ?????????ޥ??????ץꥯ??????????åإ줬??_ĸ???Τ???ߤˤ????_?ˤ??줽???ˤʤä??Ȥ??ˡ?????????ǲ?路?ƶ????????Ӥ?????Ƥ??????Ȥ??????ץꥯ??????????Υ??륭???Ǥ?????_???????Ƥ?򵱵ؤ?????????ƥ????ä?????_?????㤫?餹????֪?餺????????뤬???Ŵ??ˤ????Ƥ??ǲ?路??_???_?Ȥ????????__???ä???
LKCancerTitle,Cancer,????,????,?????
LKCancerLatin,the Crab,Cancer,Cancer,Cancer
LKCancerInfo,"In Greek mythology, Cancer is identified with the crab that appeared while Hercules was fighting the many-headed Hydra. The crab bit Hercules on the foot, Hercules crushed it and then the goddess Hera, a sworn enemy of Hercules, placed the crab among the stars.",????λ?˫???????֮?? ??????è???????СȮ??ͳ??????ϣ???????????˹??????????˹ӭս??ú??ľ????ߣ???????ʱ???????˹????к????????????????͵͵?????????˹?Ľţ??????˹һŭ֮?????ȳ??????????ʰ??????????գ??????????,"????λ???????֮_, ??????_?????_?СȮ????????ϣ_?_???_?˹??????????˹ӭ_??ú??ľ???ߣ?_????_???????˹???_?????????_?__??_͵͵??_?????˹?????????˹һŭ֮?_??ȳ??????????ʰ??????????գ?????????",??????????ߥإ饯?쥹?ϡ??ҥ??????ΤǤ??롣????з???륭?Υ??ϡ?????ϥإ饯?쥹?ȥҥ???_?????Ƥ??????εڤˡ?_?ӳ????ƥإ饯?쥹???Ю?????????????إ饯?쥹???_??̤?ߤĤ֤?????һ??ʼ_???Ƥ???Ů??إ??????륭?Υ??򰧤?˼?äơ????Ϥ???Ǥˤ?????
LKCapricornusTitle,Capricornus,Ħ??,Ħ??,?䤮?
LKCapricornusLatin,the Sea Goat,Capricornus,Capricornus,Capricornus
LKCapricornusInfo,"In Greek mythology, Capricornus is sometimes identified as Amalthea, the goat that suckled the infant Zeus after his mother, Rhea, saved him from being devoured by his father, Cronos. The goat's broken horn was transformed into the cornucopia or horn of plenty. Capricornus is also sometimes identified as Pan, the god with a goat's head, who saved himself from the monster Typhon by giving himself a fish's tail and diving into a river.",ϣ?????????λ??ɽ??ǡ?????????????˶????һ??˶??????ϲμ?????ᣬ????????????????????У???ĵ??????????????Ĺ??????ˡ???????׷׻??????????????????????У?????Ϊ?????????ʵ??̫????ˣ???????????ȫ??????ˮ???°????????ͣ?????????????????ģ????˹???翴??֮?󣬱㽫????????????????????,ϣ_?_????λ??ɽ??ǡ?????????????˶????һ??˶???_???????????_??_?__???????????У???ĵ????_??????Ĺ???_?ˡ???_?__???????????????????_??У?????__??????__??̫????ˣ?????_???ȫ??_????ˮ???°?????β?ͣ????????????????ģ_???˹???翴??֮?????_???_??????????????,һ??_?Ǥϡ???????ʥ??봨???????????Ƥ????Ȥ????ͻȻ????????????졢_????????????ˤ?????Ӥ??????䥮_???????????????ʥ??봨???????Ȥ???°???????_?ˤʤꡢ????ˤ???񥼥????ˤ??????Ȥ??줿??????????顢????åѤǤϡ??ǤΤ??뺣?䥮?Ȥ??????????Ȥ??????Ȥ??त??
LKGeminiTitle,Gemini,˫??,_??,?դ????
LKGeminiLatin,"the Twins, Castor & Pollux",Gemini,Gemini,Gemini
LKGeminiInfo,"In Greek mythology, Gemini was associated with the myth of Castor and Pollux, the children of Leda and Argonauts both. Castor and Pollux were also mythologically associated with St. Elmo's fire in their role as the protectors of sailors. When Castor died, because he was mortal, Pollux begged his father Zeus to give Castor immortality, and he did, by uniting them together in the heavens.",˫??????????????????????˹?ʹ????մ??????????˹????Ͳ?³??????ϳƵҶ?????ֵܣ??????һ??????????׳?١????????????????˹??????Ʒʱ???ì?ܣ??????Ŀ?ɳ𲢿?ʼ???????????˹????˹???ɱ?????˹?????????ɱ????????????³???ɱ?????³?????˹??????????˹????????Ը???????Ĳ??֮????˹??????????磬???˫????,_?????????_?_???????_˹??????????????˹????Ͳ?_????????Ҷ??__??ܣ???_?һ???__????__?????_????_˹????˹?????Ʒ__?ì?ܣ??????Ŀ?ɳ?_ʼ__??_?????˹????˹???_?????˹??????_˹_????_˹?????_???_?????_?????˹???????_??˹???_??__??????Ĳ??֮????˹_?_??????磬??_????,???ꥷ???_?????ǥ???????_????????ˤʤä??Ȥ????롣???????ϡ??ܤ??ݥ??ǥ???_??????ϥ????????ä????ݥ??ǥ???_????????겻????ä??????????????_?ǡ??????ˤ??ä????ݥ??ǥ???_???Ϥ????λ???_?ߡ???֤β?????֤˰??֤???????????Τ??ᡢ˫??ϡ?1??ΰ???????????????????Ф????ϵ?Ϥ???Ȥ??ƽ?_????ĺ?餷?Ƥ??롣
LKLeoTitle,Leo,ʨ??,_??,?????
LKLeoLatin,the Lion,Leo,Leo,Leo
LKLeoInfo,"In Greek mythology, Leo was identified as the Nemean Lion which was killed by Heracles during the first of his twelve labours.The Nemean Lion was impervious to any weaponry. Hercules realized that he must defeat the Lion with his bare hands, Hercules slipped into the Lion's cave and engaged it at close quarters. Zeus commemorated this labor by placing the Lion in the sky.",ϣ????????????????ʮ????????????Ӣ?ҵ???????һ???????ɱ??ī?ʨ????ī?ʨ????˰?ߵ???ֶ򿦵?????ģ??????ʳ??顣?????ǹ???????????????????????????????ʨ?????????֮??????????ʨ?????????ʨͷ???ͷ??Ϊͷ????ʨƤ??????Ϊ???ס?????˹Ϊ??????????ķṦΰ?????????ɱ????ī?ʨ??????У??????????,ϣ_?_???????????ʮ???????????_Ӣ?__?????һ_?_????_??ī__????ī__????˰?ߵ???ֶ򿦵?????ģ???_?ʳ?_??_???_??????Ǻ????????????????ͽ?_?_?_??????֮????????__????_???__???_??__????_Ƥ_?????_???ס??_?˹__????????????__??_???_????ī__??????У?_???????,12???_??Ф????Ȥˤʤä??????饯???????إ륯?쥹?????????_?ϡ??ͥᥢ?ιȤλ?????饤???󣨥ͥᥢ_????????ΤǤ??ä????إ饯?쥹?????????ä??????????????????????Τ???פ???_???????ʤ??Ŵ??ˤ??????åѤ????饤?????Ϣ???Ƥ?????
LKLibraTitle,Libra,????,????,?Ƥ????
LKLibraLatin,the Balance,Libra,Libra,Libra
LKLibraInfo,"Libra is a constellation not mentioned by Eudoxus or Aratus. Libra is mentioned by Manetho (3rd century B.C.) and Geminus (1st century B.C.), and included by Ptolemy in his 48 asterisms. Ptolemy catalogued 17 stars, Tycho Brahe 10, and Johannes Hevelius 20. It only became a constellation in ancient Rome, when it began to represent the scales held by Astraea, the goddess of justice, associated with Virgo.",?????ϣ??????????Ů???˹???????????????ʱ??????????˹?????ֻ???????һֻ??ն??а??????Ϊ???????????????????????????Ǻ????????????Ȼ???ʱ??˺???????????У??????????֮??ص?????ֻ???˹??????????û??????????ϣ??????????????????Լ????䡣??????˹????????????ص?????????վ͸߹??Ӱ???????????????,?????ϣ_?_????_Ů???˹????_?_???_?????????????˹???һֻ???????һֻ??_??а_????_?????????????????_ǰ????????????_춴????Ȼ???_??˺?_??___???_??_?_ʧ?֮??ص?????ֻ???˹???Ů?????û??????????ϣ???????_??????_?___?????_??˹???Ҳ???_???ص?????????վ͸??__?_????????????,Ԫ???Ϥ???????ΤϤ??ߤβ??֤Ǥ??ä??Ȥ⿼?????Ƥ??롣??????Ȥ??ƶ????????????Τ??ᡢ?Ƶ?ʮ??????ФǤ??????????ȿ??????Ƥ??롣???ꥷ???_?Ǥϡ??_???Ĥ????????ȥ饤??_??????ǡ??_????????Ȥ????????ĤƤ???㤬???????ˤ??ä??Τǡ??ҹ??????????_??????ä??Ȥ???_?⤢?롣?ʤ?_?????Ǥ??뤪?Ȥ???ϥ????ȥ饤??_?򤫤??ɤä????Ȥ????????롣
LKOphiuchusTitle,Ophiuchus,????,????,?ؤӤĤ????
LKOphiuchusLatin,the Serpent-Bearer,Ophiuchus,Ophiuchus,Ophiuchus
LKOphiuchusInfo,"According to Roman era mythography, Ophiuchus represents the healer Asclepius, who learned the secrets of keeping death at bay after observing one serpent bringing another healing herbs. To prevent the entire human race from becoming immortal under Asclepius' care, Jupiter killed him with a bolt of lightning, but later placed his image in the heavens to honor his good works.",?ϣ??????????˹??ձӶ???????????????????????????ѧ֪ʶ???????Ĵ??????????ŭ????????????????˹??ձӶ??ʹ???̸??ʱ???μ??Ի???????????˹??????˰?˹??ձӶ???Ͷ??̡?????˹??ձӶ?????????????ӵ???˹??ձӶ??֮????????????ߣ????Ƥ????ҽѧ???Ƹ???˰?˹??ձӶ???????????????????,?ϣ_?_?????˹??ձӶ????_???????????_???????_֪_??_??????_???_??ŭ?????????????ڰ?˹??ձӶ??ʹ???___??____??_????_?˹??????˰?˹??ձӶ???Ͷ?????춰?˹??ձӶ????????????_???˹??ձӶ??֮?????????__?????_Ƥ????__???????˰?˹??ձӶ?????˹_?__??????,?ؤӤĤ????ϡ???????_?????????ԥ????ˤʤä???????äƤ????ϡ???ˤ????ݤ??????ä??????????ԥ???????֤Υ??????????????Ȥ??????????????ԥ????ϥ??르_???????르????ˤ????????ҽ?Ȥ?????ߤ??ä??????Ĥ??ˤ?????_?餻?뤳?Ȥ??Ǥ??????ˤʤꡢڤ????????????_?ä????ᡢ??񥼥?????פˤ??ƴ?_???줿??????ᡢҽ_?Ȥ??Ƥι?_???Ƥ????????ؤӤĤ???????Ȥʤä?[1]??
LKPiscesTitle,Pisces,˫??,__?,?????
LKPiscesLatin,the Fishes,Pisces,Pisces,Pisces
LKPiscesInfo,"Pisces is associated with Aphrodite and Eros, who escaped from the monster Typhon by leaping into the sea and transforming themselves into fish. In order not to lose each other, they tied themselves together with rope. The Romans adopted the Greek legend, with Venus and Cupid acting as the counterparts for Aphrodite and Eros.",ϣ??????˫???????ǰ????߯?Ͷ????ˮ??Ļ?????????߯Ϊ??ӱܴ?Ů???????????????????????޺ӣ?һ˵??????׺ӣ???֮????????Ǵ??????Ķ??????һ????????????????????Ϊ??ֹ????ʧɢ?????????Ű?????????????Ϊ????Ǳ????С?????????????߯??????????????г???????????Ͷ???????İ?????????????˫????,ϣ_?_?__??????ǰ????߯?Ͷ????ˮ??Ļ?????????߯_??ӱܴ?Ů?__֮???????_??_???????ӣ?һ_?_???׺ӣ???֮??__?__???????????һ????????ϰ??????????_??ֹ__?ʧɢ???__?__?һ???_?_???__???__??С????˹_?????߯?????????????г??_???????Ͷ?????????һ???_______???,???ꥷ???Ǥϡ?????????ץ?ǥ?_???ˤޤĤ??_??_?????Ƥ??롣?إ????ɥ??ˤ??ȡ????ץ?ǥ?_???Ȥ???ӥ??????????ե??????Τ??Ф????Ƥ????Ȥ????ͻȻ??????????줿??_????2??ϥ˥??????????ƴ???????????????Ǥ?ƥ???????????_?äƱ????????Ȥ????ޤ??????Ǥ???????????_??Τˤʤä?Ӥ????Ȥ??Ƥ??롣
LKSagittariusTitle,Sagittarius,???,?_?,?????
LKSagittariusLatin,the Archer,Sagittarius,Sagittarius,Sagittarius
LKSagittariusInfo,"In Greek mythology, Sagittarius is usually identified as a centaur: half human, half horse. However, perhaps due to the Greek's adoption of the Sumerian constellation, some confusion surrounds the identity of the archer. An alternative tradition is that Chiron merely invented the constellation Sagittarius to help in guiding the Argonauts in their quest for the Golden Fleece.",???˹?ĸ??????˹??????ĺ?????ף?????˰??????????????ۣ????????????????̡???ԭ????֮??????Ϊ???ʿ???????????????????????????˺????????ǰ?ɱ????ʱմ?˶?Ѫ?ļ????????????綾?????ҩ?ɾȣ?ȴ?ʹ??????ױ????֮???????????λ??ȡ???????֮?󣬾??ȥ?ˡ??˹֪??????֮?????????㽫??????ճ???????,???˹?ĸ?_??_˹__ܽ???ĺ???????????˰?????????????ۣ???????????_??_????_ԭ????֮??????_???ʿ????????????__???_????_??˺????????ǰ?_???_մ?˶?Ѫ?ļ???_??????_??????_?ɾȣ?_?ʹ???ֵ???????֮?_?????˹_λ_ȡ????_??????????ȥ?ˡ??˹֪??_???֮??ǳ?_??????_????ճ??_???,??????ϡ??????ߥ??????_????????󥿥?????Ǥ??륱?????󤬹????????????ޤ????롣???饯??????_?äƷŤä???ʸ???????ꡢ????Τ??᥼??????????ä???????졢?ˤ???򵿤????Ϥ????????Ȥʤä??Ȥ???????_?ȤʤäƤ??롣????_????_???̤?_???????ι?_?????Ȥ??줿?????꤬?????Ǳ??줿?Ȥ??Τ???????????ι??ϳ??ˤҤ??줿?ޤޤǤ????????????롣
LKScorpiusTitle,Scorpius,?Ы?,?_?,???????
LKScorpiusLatin,the Scorpion,Scorpius,Scorpius,Scorpius
LKScorpiusInfo,"In?Greek mythology, Orion boasted to goddess?Artemis?and her mother,?Leto. So Artemis and her mother Leto sent a scorpion to deal with Orion. The pair battled and the scorpion killed Orion. After Orion was killed,?Zeus later raised the scorpion to heaven and afterwards, at the request of Artemis, did the same for Orion. Every winter Orion hunts in the sky, but every summer he flees as the constellation of the scorpion comes.",?Ы?λ?????????֮?䣬Ϊ?Ƶ?ʮ?????ڰ?????ϣ?????????Ы??????????ɽ???ɱ????ֻ???????????????ᵽ????˶??̹?????????˵??û?һ????????Ķ?֣????????ɶ?Ы?ҧ?????Ľţ?ʹ???????????????????Ժ?????Ϊ?У?Զ???????ߣ?ÿ???Ы??Ӷ??????????ʱ???Ի????̱?????Ҵ?????,?_?λ???_?_?֮_??__??ʮ??_?ڰ?????ϣ_?_????_??????????ɽ_?_????ֻ?????_??_???ᵽ??_????_춰????_????_?һ__???????????????ɶ?_?ҧ_???????ʹ????????????_????????????__??_?????_??ÿ_?_?__?????_???_??__?????????Ҵ?ȥ??,??????????????ꥷ???_?ϡ?Ӣ????ꥪ???????????ä?Ů??إ???????????Ϥ?ͤꡢ???ζ?_?ǥ??ꥪ??_?????????ι???????????????????????ˤʤä??? һ????_???줿???ꥪ??_????Ů??????ߥ??ϥ????????ߡ????ꥪ?????Ϥ??????Ȥʤä??? ???????⥪?ꥪ?????????֤???_?οդ??餵???????_???ȥ??ꥪ???????ε??_??Ӥ?_?졢???????????ε??_????ȥ??ꥪ????ϰ???????οդ??äƤ???????
LKTaurusTitle,Taurus,????,????,???????
LKTaurusLatin,the Bull,Taurus,Taurus,Taurus
LKTaurusInfo,"In Greek mythology, Taurus was identified with Zeus, who assumed the form of a magnificent white bull to abduct Europa, a legendary Phoenician princess. In illustrations of Greek mythology, only the front portion of this constellation are depicted; this was sometimes explained as Taurus being partly submerged as he carried Europa out to sea. ",???????֮??˹?Ļ??????˵?˹?????????֮Ůŷ??͵??ɫ???˹?ͻ??Ϊһֻ???????Ⱥ????˻??????Ϸ??????͡????һֱ??ŷ??Ͷɹ??????????ص??????????˹Ϊ?˼?????????????????仯??İ???????ŷ??͵????????????Ĵ??????ŷ???ޣ?Ҳ??ǽ?յ??????ͼ?ֻ?ʾ?????ϰ????Ϊ??????ˮ????????ɼ???,?????_?֮??˹?Ļ????__?˹__????_֮Ů__?͵??ɫ???˹?ͻ??_һֻ???????Ⱥ??????????_???_?͡????һֱ_?__?Ͷ??????????_????????˹_?????£?????????????仯??İ????_?__?͵???_???_???Ĵ?????__??ޣ?Ҳ??ǽ?յ?????_?ֻ_ʾ?????ϰ????_??????ˮ???_??????,?Ŵ????ꥨ???ǤΡ???_?ȸ?????Ȥ??Ƥ??????????????????_Ԫǰ4ǧ?_?ˤϡ?????ţ???????̤??ţ???Ⱥ?Ф??褦?ˤʤä??????ꥷ????Ǥϡ??????????˥??Σ?һ_?Ǥ?????Ů??????????????򤷤????????????ˤ??????褦??ĵţ?˻????ƥ????????˽??Ť????????????????????????2??ϥ??쥿_??Фä?Ӥ?????????
LKVirgoTitle,Virgo,??Ů?,?Ů?,???Ȥ??
LKVirgoLatin,the Virgin,Virgo,Virgo,Virgo
LKVirgoInfo,"The Greeks and Romans associated Virgo with their goddess of wheat/agriculture, Demeter-Ceres who is the mother of Persephone-Proserpina. Alternatively, she was sometimes identified as the virgin goddess Iustitia or Astraea, holding the scales of justice in her hand as the constellation Libra. ",??Ů??ϣ????Ů???˹???ǵ??????ΪũҵŮ????????????Ů????Ů????߯???Ļ????Ҳ?˵??Ů??????????Ļ????ʥ????ص?ƹ?????????˹?¼??ܾ??????????˵????Ů?????????Ů???˹???ǣ????????ʧ???????????Ů?,?Ů??ϣ????Ů???˹???ǵ??????ΪũҵŮ???????????Ů????Ů????߯???Ļ????Ҳ?˵??Ů??????????Ļ????ʥ????ص?ƹ?????????˹?¼??ܾ??????????˵???Ů?????????Ů???˹???ǣ????????ʧ??????????Ů?,????_???????ĺ?餷?Ƥ???_???ϡ????????Ϥ????????ĺ?餷?Ƥ???????????????줿?_????????äƤФ????ä??Τǡ??????????_?äƤ??ä??????ޤǲФä??Τ??_???Ĥ????????ȥ饤??_?ǡ?1???Ϥ˲Фꡢ?_???_?????Ƥ?????????????????????????_?äƤ??Ȥ???Ȥʤꡢ?֤äƤ?????ϤƤ?????Ȥʤä?[1]??
LKBootesTitle,Bo_tes,????,????,?????????
LKBootesLatin,the Herdsman,Bo_tes,Bo_tes,Bo_tes
LKBootesInfo,"Bo_tes is identified with Arcas , son of Zeus and Callisto. Arcas was brought up by his maternal grandfather Lycaon. Callisto had been transformed into a she-bear, by Zeus's wife, Hera, who was angry at Zeus's infidelity. Callisto in form of a bear was almost killed by her son who was out hunting. Zeus rescued her, taking her into the sky where she became Ursa Major, ""the Great Bear"", and making Arcas as Bo_tes.",??˵???˹????????????ɫ?????????????????????????Arcas???˹֮????Ҫ?ͷ??????????????_???????֮???????أ???????һֻ??ܡ?ʮ??????????һֱ?????֣??һ?????????Arcas?????rcas????֪???ǰ?ĺ?ܾ????ĸ??׼???????????????䣬?˹?һ??????????????????????????Arcas?????????,__???˹????????????ɫ??_?ʩ?????_??????_?_?Arcas???˹֮????Ҫ__?????????????_???????֮_?????أ????__һֻ??ܡ?ʮ??_??????һֱ_????֣??һ??????_?Arcas?????rcas_??֪???ǰ?ĺ?ܾ????ĸ??___ì?_??_??ʯ_???˹?һ_?_???_??????????_?ɴ???????Arcas__????????,һ_?ˤϡ????ꥷ???_?˵??????֧????????ȥ饹?Ǥ??????????ޤ?_???Ǥϡ??ǥ????˥??????????ɥ??ȥ֥ɥ??Ƥ????????????åƥ????????_???ꥪ???Ǥ??????????????????ܤˤ???_????????Ť??졢???Ф򤵤ޤ?????Ȥ???_?⤢?롣????Ф?_?????ǤҤ?_????????????Ƥ??롣?᥽?ݥ??ߥ????ǰ???????????????_?椹??????????Ȥ???_?⤢?롣
LKCamelopardalisTitle,Camelopardalis,¹???,¹???,?????
LKCamelopardalisLatin,the Giraffe,Camelopardalis,Camelopardalis,Camelopardalis
LKCamelopardalisInfo,"Camelopardalis was created by Petrus Plancius in 1613 to represent the animal Rebecca rode to marry Isaac in the Bible. One year later, Jakob Bartsch featured it in his atlas. Johannes Hevelius gave it the official name of ""Camelopardus"" or ""Camelopardalis"" because he saw the constellation's many faint stars as the spots of a giraffe.",¹??????????һ????谵??????1612?????613???ʼ????????Plancius???????????????û????ĵȵĹ?ǣ?????ֱ??ϣ?????????1613?????613??????ɼ??ѧ??etrus Plancius??????????????ʥ??????ټӽ?????ؼ??????????,¹??????????һ????谵??????1612?????613???ʼ????????Plancius????_?????__?__??????ȵĹ?ǣ?????ֱ??ϣ_???????1613?????613??????ɼ??_??etrus Plancius?__??????????__????ټ?????ؼ???????_??,"_????ϥڥȥ륹???ץ?????????һ???ϥХ??????????ĤȤ??????롣1612??˥ڥȥ륹???ץ?????????""Camelopardalis""?Ȥ???????褤???Τ?????Ǥ??롣????ᡢ?䥳?֥????Х???????????__???_?ǥ???????????????ؼޤ????ԥ?_?ɤ˵??????????????????????????????ᡢһ_????餯??????Ⱥ?Ф줿??"
LKCanesVenaticiTitle,Canes Venatici,????,_Ȯ?,?????????
LKCanesVenaticiLatin,the Hunting Dogs,Canes Venatici,Canes Venatici,Canes Venatici
LKCanesVenaticiInfo,"Canes Venatici is one of the 88 official modern constellations. It is a small northern constellation that was created by Johannes Hevelius in the 17th century. Its name is Latin for ""hunting dogs"", and the constellation is often depicted in illustrations as representing the dogs of Bo_tes the Herdsman, a neighboring constellation.",?????????????С????17???ɲ?????ѧ?Ҳ????ѧ?????????????Johannes Hevelius??????????Ŵ?ϣ?????????????Ǳ???????򿸵İ?ӡ????????????????Ϊ??????????Ĵ??????????????ŷ?????˹????????????????????????????????????????Ŵ??????????¡????????????־????أ??????????״????????????????֮ʿ???????????,_Ȯ????????_С????17?_???_??_?Ҳ?_?_???????????Johannes Hevelius??_??????Ŵ?ϣ_?_???_Ȯ???Ǳ??__??򿸵İ?ӡ??_???????????___?????????_???????_???_??_??˹????_??????????__????????_Ȯ??????_?Ŵ?????????_??????__????_??__??????_???__?????????????_?_֮ʿ???_??_????,1687??˥??ͥ????إ???ꥦ???ˤ????????줿???إ???ꥦ???????Фǡ???_????˥??ꥷ???ǡ?С????ǡ????????륢???ƥꥪ?????_????˥??ꥷ???ǡ?_???ߡ????????륫?????줾????????Ƥ??롣1533??ˡ??ɥ??ĤΥڥȥ륹?????ԥ??̥?????????_?ˤ?????????????줿_Ȯ????????????뤬??????_??Τ?????????????Ȥ??ʤꡢ?ޤ??????Ǥ??Ӹ??????????ǤϤʤ????ᡢ??????????????Ȥ?????????ʤ???
LKComaBerenicesTitle,Coma Berenices,???,???,???ߤΤ??
LKComaBerenicesLatin,Berenice's Hair,Coma Berenices,Coma Berenices,Coma Berenices
LKComaBerenicesInfo,"Berenice legendarily swore to the goddess Aphrodite to sacrifice her long hair, if her husband returned safely from a battle during the Third Syrian War. After Ptolemy's safe return to Alexandria, she cut her hair and placed it in the Aphrodite's temple at Zephyrium. By the next morning the hair had disappeared. Conon proposed that Aphrodite had interceded to place the hair in the sky as an acknowledgement of Berenice's sacrifice.",һ??????????ڹȡ?????????1602???Ǳ???????1603??????ݶ??????????˵????ʷ??ı?????????Ŵ??????Ĺ??????????????????????????Ԫǰ243???????????Զ??????????????????????????????????????????????޵?????????˵?ڶ???????????????ˡ???͢???˵???Ů???????ϣ?????????,һ??_??????ڹȡ?????????1602???Ǳ???????1603???_??ݶ????????__??_ʷ???????????Ŵ??_??Ĺ???????????????????????_???Ԫǰ243??????????_?_??_??????_?????????__????_??????Ů?????????????__?ڶ???????_??_?ˡ?_͢_??????Ů?_?????ϣ????????,?ץȥ???????3???Է֤???????????쥦?????????ꥢ??Ԫǰ243???????᤿???٥????ϡ???????ä??ʤ????????????????????椨?????Ǥ??ä???֤????????ץ?ǥ?_???????????ä???????????????ФꡢŮ?????˹??????Ȥ????????ޤǤ??????????Ƥ?????_͢??ѧ????Υ???????????????ΤǴ?????ӡ??դ?Ϥ??????ˤ?????????????˸椲?????ߤΤ???Ⱥ?Ф????Ȥˤʤä???
LKCoronaBorealisTitle,Corona Borealis,????,????,???????
LKCoronaBorealisLatin,the Northern Crown,Corona Borealis,Corona Borealis,Corona Borealis
LKCoronaBorealisInfo,"In Greek mythology, Corona Borealis was linked to the legend of Theseus and the minotaur. It was generally considered to represent a crown given by Dionysus to Ariadne, the daughter of Minos of Crete, after she had been abandoned by the Athenian prince Theseus. When she wore the crown at her marriage to Dionysus, he placed it in the heavens to commemorate their wedding.",????????88????????ܶ????8????֮һ???Ŵ????ͺ???????????????ǣ???ܶ???????????Ϊһ???ʹڻ򻨹ڡ??ϣ????????????ʹ?ǰ??ﰢ???????˹???󣬾??????˹?????ġ??????????7??ǵ??2??+4?ĺ?ǡ??????????????ϵ/????塣???????С??Զ??Ҳ???????????,????????88????????ܶ????8????֮һ???Ŵ????ͺ???????????????ǣ???ܶ???????????Ϊһ???ʹڻ򻨹ڡ??ϣ????????????ʹ?ǰ??ﰢ???????˹???󣬾??????˹?????ġ??????????7??ǵ??2??+4?ĺ?ǡ??????????????ϵ/????塣???????С??Զ??Ҳ???????????,???쥿_?ˤϹ?????????????????ꡢ??????????7????Ĥ????????????????_??????Ƥ??????????????????_?˻줸?ä?????????????????????ΤȤ?????????????Ů???ꥢ?ɥ???????????????򤷱ˤ??????????2?????ѳ????뤬???Τ餫????_?????ʤꡢ???ꥢ?ɥ??ϱ?????????????_?????뤿?ᡢ????????˥?????????????????????ڤ??ä??????ιڤ?????????Ȥʤä???
LKDracoTitle,Draco,????,?_?,?????
LKDracoLatin,the Dragon,Draco,Draco,Draco
LKDracoInfo,"Dragons in Greek mythology that may have inspired the constellation's name include Ladon, the dragon who guarded the golden apples of the Hesperides. Hercules killed Ladon during his 12 labors; he was tasked with stealing the golden apples. The constellation of Hercules is depicted near Draco. Sometimes, Draco is represented as the demon son of Gaia, Typhon.",?ϣ???????????????????أ??????????????Ŀƶ???˹??????????????˹????2?????ɱ????????˳???????˽???????տ??˹????????????Աߡ??ϣ??-???Ĵ?˵???????????ʧ?ܺ??????ɱ???Ȼ??ӽ???յġ??ֻ???????̩̹??ˣ???????˵????????0????????Ͷ??ֻ??ʱ????????Ť?????????????????ʱ?????????Ϊ?????ǵĶ???̷ᡣ,?ϣ_?_??_??_??_???_??????????????Ŀ???˹?????????????˹????2???_?_????????_???????˽??????տ??˹????????????????ϣ_-__??_????_????_ʧ_???Ů????_???Ȼ????_??յġ?_ֻ_??_?̩̹??ˣ?__????˵??__??0???_???Ͷ__ֻ__???_???Ť?_??_?????_???_???_????__ħ__???????,???饯???????إ륯?쥹?????2???_??1??Ŀ????????00?????????????󣩤?????󤴤??äƤ??뤳?ȤǤ??ä????????ϥ??饯?????˵????줿?Ȥ⡢?ޤ??????饯?????????????Ƥ??ʤ??Ȥ???_?⤢?롣?ɤ??????Ƥ⡢???Τ?????񤷤??Ȥ뤳?Ȥ??Ǥ??ʤ??Τǡ????饯?????ϥ??ȥ????˴??????????äƤ??ä???????ФǤϥإ륯?쥹????夦???ͬʿ?ˤ??롣
LKLeoMinorTitle,Leo Minor,Сʨ?,С_?,???????
LKLeoMinorLatin,the lesser Lion,Leo Minor,Leo Minor,Leo Minor
LKLeoMinorInfo,"Leo Minor is a small and faint constellation in the northern celestial hemisphere. Its name is Latin for ""the smaller lion"", in contrast to Leo, the larger lion. It lies between the larger and more recognizable Ursa Major to the north and Leo to the south. it was designated by Johannes Hevelius in 1687.",Сʨ??һ???Ƚϰ?????????λ??????????֮?????εش????1687?ΪԼ????????????????û?????ĹŴ????????????????????????????NGC 3003??Ϊ????1.7?????????Ϊ5.9?Ƿ֣??????С_??һ_????????????λ춴???????֮_?????ε????1687?__?????????_????_?__?ĹŴ??_????????????_????????_?NGC 3003??__???1.7?????????_5.9?Ƿ֣?__???1687??˥??ͥ????إ???ꥦ???ˤ??ơ???????Ȥ???????????????Τʤ?_????_??????????????줿????????1845??˥ե????????٥??????_??ФǤ???????Ǥ˥Х??????Ť????_?ˡ?_???6????˦??η??Ť????줿???Ȥˤ??????ȿ??????Ƥ??롣?????????¤??????ʤΤǡ??_?Ϥʤ???,,
LKLynxTitle,Lynx,?è?,?_?,???ͤ??
LKLynxLatin,the Lynx,Lynx,Lynx,Lynx
LKLynxInfo,"Polish astronomer Johannes Hevelius formed the constellation in the 17th century from 19 faint stars that he observed with the unaided eye between the constellations Ursa Major and Auriga. Naming it Lynx because of its faintness, he challenged future stargazers to see it, declaring that only the lynx-eyed would have been able to recognize it.",?è?ָ?????괬Ӣ?֮һ????˹?????˹ӵ???????????????????????????????ҹè?????˹??ֵ?????Ϊ?????Ů??????͵Ҷ?????ֵܣ???˹????Ͳ?????????壬????ɱ???˹?????????????ɱ????˹????????????????????ʱ??????ߵĸ???????˹??׵?????,?_?ָ?????괬Ӣ?֮һ????˹?????˹_????????????????????__֮???_???ҹ_?????˹??ֵ??_˹_??_Ů??????͵Ҷ??__??ܣ???˹????Ͳ?__?????壬?_˹_???˹???????__???_????˹??_?_˹??_??__???_???????ĸ?_?????˹???????,??????????ġ?1687????????Υ??ͥ????إ???ꥦ???ˤ????????줿[1]????????????Ȥ??礷??????δ󤭤??_????????????????????뤤????ʤ????إ???ꥦ???ϡ??????????뤿???ϡ????ͥ???_??ˤϥ??????ͥ????Τ褦????Ŀ?????????????٤Ƥ??롣
LKUrsaMajorTitle,Ursa Major,????,С??,?????????
LKUrsaMajorLatin,the Great Bear,Ursa Major,Ursa Major,Ursa Major
LKUrsaMajorInfo,"In Roman mythology, Jupiter lusts after a young woman named Callisto, a nymph of Diana. Juno, Jupiter's jealous wife, discovers that Callisto has a son named Arcas, and believes it is by Jupiter. Juno then transforms the beautiful Callisto into a bear so she no longer attracts Jupiter. ",?????ӵ?ȫ???????󣬼???????????????????Ϊ???????????ֻ????ϣ?????????˹Ϊ??????????????˹?????????ļɶʣ?????????ֻ?????????Ȼ?׷?????????????????߯?˹?ɱ?ֻ????˹????ѰѴ????Ϊ????????,__??_?ȫ??_????󣬼???_????_????????____????????ֻ????ϣ_?_????˹_????_????????˹??_??????ļɶʣ????_????ֻ?????????Ȼ_׷?????????_Ů?????߯_˹?__ֻ????˹????ѰѴ????_????????,ɭ?Υ˥??˥??ꥹ???Ȥ???????郎????????񥼥????????ꥹ??????򤷡?2????˥??륫???Ȥ??????Ӥ???ޤ줿??????֪?ä?????????ޤ????????ϴ?????ꡢ???ꥹ??????????εͤ????֤??????ˤ??Ƥ??ޤ????ۤ????????ڤ??ˤ????Ƥ??ޤä???
LKUrsaMinorTitle,Ursa Minor,С??,С??,???????
LKUrsaMinorLatin,the Little Bear,Ursa Minor,Ursa Minor,Ursa Minor
LKUrsaMinorInfo,"Ursa Minor and Ursa Major were related by the Greeks to the myth of Callisto and her son Arcas, both placed in the sky by Zeus. In a variant of the story in which Bo_tes represents Arcas, Ursa Minor represents a dog. ",????????߿????????????????????ı????????Ƶ?????????????߿????????С?????????????ʼ???С????????Ŀǰ?ı??????ָʾ????????,????????????_??????_???????ı?_???_????__???????_?Ҳ??_?С??_???_??_ʼ_?С????????Ŀǰ?ı?_???ָʾ????_??,_Ԫǰ6?_?ιŴ????ꥷ???????????쥹??_???????????Ȥ??????????????˴?_?ꤿ??????λ???Ĥ??뤿????????????äƤ????Τ????Ǥ??롣
LKCarinaTitle,Carina,?????,?????,?????????
LKCarinaLatin,the Keel,Carina,Carina,Carina
LKCarinaInfo,"Carina was once a part of Argo Navis, the great ship of Jason and the Argonauts who searched for the Golden Fleece. The constellation of Argo was introduced in ancient Greece. However, Nicolas Louis de Lacaille divided Argo into three component constellations in 1763, including Carina, the Keel.Despite the division, Lacaille kept Argo's Bayer designations. Therefore, Carina has the ??, ??and ?? Vela has ??and ?? Puppis has ?? and so on.",???ܱ??ƴ?β???????????????Ϊͬһ??????????????ʮ????ͣ???ѧ?????????ռ֮?????󣬹ʽ???𿪡?????????????????????????ʮ????˰?????λ??ں??Ŀƶ???˹??????????????????????ں???????͵ȥ?????ص?ϣ?????Ѱ???????????????Ժ??????????????????ͼ?????ֻ??????????Ĵ?β????ͷ??Ũ?????ǣ???Ǳ?ײ?????,???ܱ?_??β???????????????_ͬһ??????????????ʮ???_????_??_?????ռ֮?__?󣬹??????????????????????????_??ʮ_??˰?????λ춺ں??Ŀ???˹???????___?????_??ں????????͵ȥ?????ص?ϣ_???Ѱ?????춿???????_???????????_??????_????_ֻ?_???????Ĵ?β????_??__???_????Ǳ?ײ_?????,1756????????ե???????????ǥ???752??桺_Ҫ???????줿?˥??顤?륤???ɡ??饫_??????Фǡ????르???????֤???ƤȤ???Corps du Navire (???) ?????줿?Τ?ʼ?ޤ????롣?饫_??????763??˳??椵?줿???Ȥ??줿?????르??Ϥ??ޤ??޴󤹤??????ᡢ1922??˹?_??ѧ_?Ϥ?_???8???򶨤᤿_???Ĥ˷ָ?줿????????????ϡ????Υ??르_???Ρ?_?ǡ??β??֤?൱???롣
LKColumbaTitle,Columba,????,?_?,?Ϥ??
LKColumbaLatin,the Dove,Columba,Columba,Columba
LKColumbaInfo,"Plancius originally named the constellation Columba Noachi (""Noah's Dove""), referring to the dove that gave Noah the information that the Great Flood was receding. This name is found on early 17th-century celestial globes and star atlases.","????Ϊ????֮һ??????֮???????ʹ?β?֮?䡣???С???һֻ??? ??ѧ?????????ȡ???ڵ???, ???????λ???, ?????????ȵ??, 1???????պڵ???? ?????Կ?????ġ?","?_?_????֮һ??????֮???????ʹ?β?֮_??__С???һֻ_?, ??_??????_?ȡ???????, _??_??λ??? ????????ȵ?, 1??????_?ڵ??? _???Կ?_??ġ?",?ץ????????ϡ??Υ??˴?ˮ??????????Ȥ???餻???ϥȤ?????ơ?Ԫ????Columba Noachi???Υ??Υϥȣ????????Ƥ??????????ǰ?ϡ?17?_????????????????????????ꥢ???Τ褦????ˤ????롣
LKDelphinusTitle,Delphinus,????,????,???뤫?
LKDelphinusLatin,Dolphin,Delphinus,Delphinus,Delphinus
LKDelphinusInfo,"Poseidon wanted to marry Amphitrite, a beautiful nereid. She, however, wanting to protect her virginity, fled to the Atlas mountains. Her suitor then sent out several searchers, among them a Delphinus. Delphinus accidentally stumbled upon her and was able to persuade Amphitrite to accept Poseidon's wooing. Out of gratitude the god placed the image of a dolphin among the stars.",ϣ?????????????????Ȣ???Ů???????Ϊ???Ȼ????Ϊ????࣬??????????????˹ɽ??????????????????????䣬??һֻ???żȻ???????????????????ܺ?????????Ϊ???????Ĺ??ͣ?????ͳ???ϵĺ?????,ϣ_?_????????????Ȣ???Ů?????߯_???Ȼ????_??__???????߯???????˹ɽ_???ǣ???????????????䣬??һֻ???żȻ__?????߯??_?????ܺ?????????_??????Ĺ?_??????ͳ???ϵĺ?????,???뤫???????)?ϡ???δ??ν????ˤ??????ǡ??ȥ?_??8?????ġ??????뤤??Ǥ???ǤȰ??????ǤϤ??뤬?????????????Ƥ??뤿???Ĥ??䤹???????ꥷ????ǡ??ݥ????ɥ???ˤʤ뤳?Ȥ?????????????ȥ?????????????????ä????륫????????????Ȥ??Ƥ??롣
LKEquuleusTitle,Equuleus,С??,С_?,???????
LKEquuleusLatin,the Pony,Equuleus,Equuleus,Equuleus
LKEquuleusInfo,"In Greek mythology, one myth associates Equuleus with the foal Celeris, who was the offspring or brother of the winged horse Pegasus. Celeris was given to Castor by Mercury. Other myths say that Equuleus is the horse struck from Poseidon's trident, during the contest between him and Athena when deciding which would be the superior. ",С??λ???????????ƿ?֮?????????????С???????û????3?ȵĺ?ǣ????ҹ?????????????????????֮Ůϣ????ſ????֮???????????????ϣ????˰????????У????ɽ???ص??ī??????????ճ??ʱ?????ȴ??????ϣ????ϣ??Ҫ?????????ĸ¿???????????Ů?????߯?˹????????ϣ??֮ӳ?????ʣ?ֻ¶????ͷ?????????????????,С_?λ?_?????_ƿ?֮?????????????С???_??_?????ȵĺ?ǣ????ҹ????????_??_????????֮Ůϣ????ſ????֮?_???????_???_ϣ????˰????????У????ɽ?????ī?????????_???_?????_???_?ϣ????ϣ??Ҫ??_???_???_??????__??Ů?????߯_˹????__ϣ??֮ӳ??????ֻ¶???__???????????__??,???????ˤĤ??Ƥϡ??????ȥ????????????ƥͥ????ҥ奮_?̥????ޥ˥ꥦ?????????ȥ륦?????????⤬??????Ƥ??餺???_?????Ƥ??ʤ????_ѧ????ڥ???????Ȥʤä??????????εܤǥ????ꥦ????????????????????????Ȥ⡢???????ݥ???????뤨???????륹?Ȥ⡢?ͥץȥ??̥????ߥͥ륦??????Ȥ٤򤷤??Ȥ?????????????????Ȥ⿼?????Ƥ??롣
LKEridanusTitle,Eridanus,?????,?????,?????̥??
LKEridanusLatin,the river Eridanus,Eridanus,Eridanus,Eridanus
LKEridanusInfo,"According to one theory, the Greek constellation takes its name from the Babylonian constellation known as the Star of Eridu (MUL.NUN.KI). Eridu was an ancient city in the extreme south of Babylonia; situated in the marshy regions it was held sacred to the god Enki-Ea who ruled the cosmic domain of the Abyss - a mythical conception of the fresh-water reservoir below the Earth's surface.",?????????88????Ҳ?????8??֮һ??????????Ŵ??????Է?????????԰?????????????ί??һ˵???ƿ???????????????˵???????????Ķ?????????ء?????????Ϊ?????̫????Ĺ켣????????????????????,??????_??88????Ҳ?????8??֮һ???????_?Ŵ??????Է?????????_???? ????????ί??һ_?_ƿ?????_????????_???_?????_?????????_?????????__??__̫__??_??????_??????_?????,?????ǥ??????䥢???????¤??????Ƥ??롣̫_????ꥪ???????ѥ????󤬡????˻ᤤ?ˤ????????ߤ?_???뤳?Ȥ?򤤡?_?????????????????ˤˤ??__??????뼼?????ʤ???__?ϱ?????Ƥ??ޤä???????????ֹ????????񥼥?????פ?????????ѥ??????????̥??????????????ޤä???
LKPiscisAustrinusTitle,Piscis Austrinus,???,?_?,?ߤʤߤΤ????
LKPiscisAustrinusLatin,the Southern Fish,Piscis Austrinus,Piscis Austrinus,Piscis Austrinus
LKPiscisAustrinusInfo,"In Greek mythology, this constellation is known as the Great Fish and it is portrayed as swallowing the water being poured out by Aquarius, the water-bearer constellation. The two fish of the constellation Pisces are said to be the offspring of the Great Fish. In Egyptian mythology, this fish saved the life of the Egyptian goddess Isis, so she placed this fish and its descendants into the heavens as constellations of stars.",????88?????????48????????????Ա???Ҫ????Ψһ???????????????????ľ?ǣ?????25??ꡣ?ϣ???????????????????߯?Ļ?????Ϊ??ӱܴ?Ů???????????Ĺ????????????޺?һ˵???????׺ӣ???֮????????Ǵ??????Ķ???????????????????????Ϊ??ֹ????ʧɢ?????????Ű????????Ϊ????Ǳ????С?????????????߯??????????????г?????????֮????Ͷ??????????????˫????,?_??88__??????48_??????????_???Ҫ_??Ψһ??????_?????__????ľ?ǣ??????5??ꡣ?ϣ_?_????_?????????߯?Ļ?????_??ӱܴ?Ů?__֮??????Ĺ?_??_??????????һ_??_???׺ӣ???֮??__?__????????????????ϰ??????˹??_??ֹ__?ʧɢ???__?__?һ?????__???__??С????˹_?????߯?????????????г??_?????֮???Ͷ?˹?????______???,?ߤʤߤΤ????????????Piscis Austrinus???ϡ??ȥ?_??8?????ġ?????ȶˤˤ?????ϡ?ȫ?21????Ǥ??ĤǤ??ꡢ?ե?_?ޥ????ȤȺ?Ф??????????????뤤??Ϥʤ??????ꥷ???_?ˤ??С???????ʥ??봨???????????Ƥ????Ȥ????ͻȻ??????????졢_????????????ˤ?????Ӥ?????_???????ץ?ǥ??Ƥ?_??Τˤʤä?Ӥ??????Ȥ??????ޤ????????????_???Ȥ⤤????
LKPuppisTitle,Puppis,??β?,??β?,?Ȥ??
LKPuppisLatin,the Poop Deck,Puppis,Puppis,Puppis
LKPuppisInfo,"Carina was once a part of Argo Navis, the great ship of Jason and the Argonauts who searched for the Golden Fleece. The constellation of Argo was introduced in ancient Greece. However, Nicolas Louis de Lacaille divided Argo into three component constellations in 1763, including Carina, the Keel.Despite the division, Lacaille kept Argo's Bayer designations. Therefore, Carina has the ??, ??and ?? Vela has ??and ?? Puppis has ?? and so on.",???ܱ??ƴ?β???????????????Ϊͬһ??????????????ʮ????ͣ???ѧ?????????ռ֮?????󣬹ʽ???𿪡?????????????????????????ʮ????˰?????λ??ں??Ŀƶ???˹??????????????????????ں???????͵ȥ?????ص?ϣ?????Ѱ???????????????Ժ??????????????????ͼ?????ֻ??????????Ĵ?β????ͷ??Ũ?????ǣ???Ǳ?ײ?????,???ܱ?_??β???????????????_ͬһ??????????????ʮ???_????_??_?????ռ֮?__?󣬹??????????????????????????_??ʮ_??˰?????λ춺ں??Ŀ???˹???????___?????_??ں????????͵ȥ?????ص?ϣ_???Ѱ?????춿???????_???????????_??????_????_ֻ?_???????Ĵ?β????_??__???_????Ǳ?ײ_?????,1756????????ե???????????ǥ???752??桺_Ҫ???????줿?˥??顤?륤???ɡ??饫_??????Фǡ????르???????֤???ƤȤ???Corps du Navire (???) ?????줿?Τ?ʼ?ޤ????롣?饫_??????763??˳??椵?줿???Ȥ??줿?????르??Ϥ??ޤ??޴󤹤??????ᡢ1922??˹?_??ѧ_?Ϥ?_???8???򶨤᤿_???Ĥ˷ָ?줿????????????ϡ????Υ??르_???Ρ?_?ǡ??β??֤?൱???롣
LKPyxisTitle,Pyxis,???,__?,?餷?????
LKPyxisLatin,the compass Box,Pyxis,Pyxis,Pyxis
LKPyxisInfo,"Pyxis is a small and faint constellation in the southern sky. Abbreviated from Pyxis Nautica, its name is Latin for a mariner's compass. The constellation is located close to those forming the old constellation of the ship Argo Navis, and in the 19th century astronomer John Herschel suggested renaming Pyxis to Malus, the mast, but the suggestion was not followed.",????????????С?????????????????????????????????????????????·?????????18???׶Ƚ?ܵģ?????Ϊ???????Pyxis Nautica????????????Ʊ????ˡ????????????????ϵ?ϴ?????????ţ?????ѧ?????????????19??ͽ??????Ϊ??Φ??????û?????ܡ?,__????????_С???????????????_Դ??????????????_??__????????·?????????18?_??Ƚ??ģ??_֮_???__??Pyxis Nautica????????_?_??_??ˡ?__????????????ϵ?ϴ????????_??????_?????????_?19?_??_????_??Φ??????_?????ܡ?,?餷???????___????ϡ??????????ġ??餷??????ϡ?1756??˥˥??顤?륤???ɡ??饫_??????¤????????줿???餷???????_?????줿_??ν????ˤϥ??ꥷ???_?˵????륢?르_???򤫤??ɤä????르?????ڤ????????饫_?????르???????????????ȤȤ??????󡤥Х????뤬?Х??????Ť򸶤??Ƥ??ʤ??ä?_??ˤ餷??????򶨤ᡢ????˷??Ť?????????
LKVelaTitle,Vela,?????,?????,???
LKVelaLatin,the Sails,Vela,Vela,Vela
LKVelaInfo,"Carina was once a part of Argo Navis, the great ship of Jason and the Argonauts who searched for the Golden Fleece. The constellation of Argo was introduced in ancient Greece. However, Nicolas Louis de Lacaille divided Argo into three component constellations in 1763, including Carina, the Keel.Despite the division, Lacaille kept Argo's Bayer designations. Therefore, Carina has the ??, ??and ?? Vela has ??and ?? Puppis has ?? and so on.",???ܱ??ƴ?β???????????????Ϊͬһ??????????????ʮ????ͣ???ѧ?????????ռ֮?????󣬹ʽ???𿪡?????????????????????????ʮ????˰?????λ??ں??Ŀƶ???˹??????????????????????ں???????͵ȥ?????ص?ϣ?????Ѱ???????????????Ժ??????????????????ͼ?????ֻ??????????Ĵ?β????ͷ??Ũ?????ǣ???Ǳ?ײ?????,???ܱ?_??β???????????????_ͬһ??????????????ʮ???_????_??_?????ռ֮?__?󣬹??????????????????????????_??ʮ_??˰?????λ춺ں??Ŀ???˹???????___?????_??ں????????͵ȥ?????ص?ϣ_???Ѱ?????춿???????_???????????_??????_????_ֻ?_???????Ĵ?β????_??__???_????Ǳ?ײ_?????,1756????????ե???????????ǥ???752??桺_Ҫ???????줿?˥??顤?륤???ɡ??饫_??????Фǡ????르???????֤???ƤȤ???Corps du Navire (???) ?????줿?Τ?ʼ?ޤ????롣?饫_??????763??˳??椵?줿???Ȥ??줿?????르??Ϥ??ޤ??޴󤹤??????ᡢ1922??˹?_??ѧ_?Ϥ?_???8???򶨤᤿_???Ĥ˷ָ?줿????????????ϡ????Υ??르_???Ρ?_?ǡ??β??֤?൱???롣
LKAntliaTitle,Antlia,?Ͳ?,?Ͳ?,?ݥ??
LKAntliaLatin,the Air Pump,Antlia,Antlia,Antlia
LKAntliaInfo,"The French astronomer Nicolas-Louis de Lacaille first described the constellation in French as la Machine Pneumatique (the Pneumatic Pump) in 1751_52,commemorating the air pump invented by the French physicist Denis Papin. English astronomer John Herschel proposed shrinking the name to one word in 1844. This was universally adopted. The International Astronomical Union adopted it as one of the 88 modern constellations in 1922.",??????ѧ???????·?????????1751??52????????????la Machine Pneumatique????????ã?һ????????????????????????ҵ??˹????????????á?Ӣ????ѧ?????????????1844?????????????????????????????ָ???????????ʱҲ??????????ļ???????????ձ??????????????922??ʽͨ???Ͳ???????88??֮һ??,??_??_???????·?????????1751??52?_??ʹ???_??la Machine Pneumatique????__?ã?һ__??__???????_???_????ҵ??˹?????_????á?Ӣ_??_?????????_?844????_??????????___??????_ָ???????????_Ҳ_ʹ????????_??__?__???ձ????__??__?922??ʽͨ_?Ͳ???_??88??֮һ??,1756??˥饫_???????????Τʤ?_?????뤿??13?????????????????Τ??????Ĥ????Υݥ???Ǥ??롣?饫_??????_?ˤϡ??ե???????ҥɥˡ??ѥѥ?670???ǰ??ʹ?????__Ͳʽ?ξ???ݥ????????????6]???ɥ??Ĥ????????󡤥??Ǥ???????????????????ˤϡ??ѥѥ󤬥ѥ꤫???????ɤäƥܥ?????ͬ?Ǹ????????_Ͳʽ????ݥ???????????롣
LKCaelumTitle,Caelum,???,???,???礦???????
LKCaelumLatin,the Chisel,Caelum,Caelum,Caelum
LKCaelumInfo,"Caelum was first introduced in the eighteenth century by Nicolas Louis de Lacaille, a French astronomer who introduced thirteen other southern constellations at the same time. Lacaille gave the constellation the French name Burin, which was originally Latinized to Caelum Scalptorium (??The Engravers?? Chisel??).Francis Baily shortened this name to Caelum, as suggested by John Herschel.",????????????ѧ???????·?????????18??ʹ??????ͬʱҲ????????3??????????????????ġ?Burin??һ?ʣ??Ϊ????????Ϊ??????????????????????????Caelum Scalptorium?????Ϊ??????ӣ???Ӣ????ѧ?Ҹ????˹??????Ҳ?Ѷ??????????????????Ȼ????????????????????????Ϳ̰滭??ĵ??????choppe????????????????ֻ??????????,????????_??_???????·?????????8?__?????ͬ_Ҳ_??????3_??????????????_?ġ?Burin??һ_???_??????___????????????????????__??Caelum Scalptorium?????_??????????Ӣ_??_?Ҹ????˹??_??Ҳ?Ѷ????????__??????_Ȼ???????????????????????Ϳ̰???ĵ?_????choppe??_????????__????_?_?????,1756??ˡ??ӥ????ɥ饤?ݥ???????????ɥ???_?դȤ??ơ??˥??顤?륤???ɡ??饫_???????????줿???饫_???????ե???_??les Burins ????˥????????? Caelum Scalptorium ????????Ƥ?????1844??˥????????????뤬?ǰ??_???뤳?Ȥ?᰸??????????????ե????????٥?????1845???????? British Association Catalogue?ˤ?????Caelum ???????????κ??????????????
LKCircinusTitle,Circinus,Բ???,__?,???????
LKCircinusLatin,the Compass,Circinus,Circinus,Circinus
LKCircinusInfo,"In 1756, French astronomer Nicolas-Louis de Lacaille introduced the constellation of Circinus with the French name le Compas, representing a pair of dividing compasses, on a chart of the southern sky. Circinus was given its current name in 1763, when Lacaille published an updated sky map with Latin names for the constellations he introduced.",Բ????һ???????????93.35ƽ???ȣ?ռȫ??????.226%??????ΪԲ???????ÿ?4?30??ҹԲ??????????????Բ???û????2?ȵĺ?ǣ??????????????ۺϵ????????Բ?????û?????????£????????ѧ???????1763????????????Ա?????档,__??һ_???????_93.35ƽ???ȣ?ռȫ??_??.226%??????___?????ÿ?4?30??ҹ__???__?????__?_?????ȵĺ?ǣ??_??_???_??ۺϵ?_?_??__?__?__?_??£????_??_???????763??_?????_??_???_??,?????????Circinus???ϡ??????????ġ?ȫ?????Ŀ??????????ǡ??????????????????¤ϤǤ??ʤ???1756??˥˥??顤?륤???ɡ??饫_???????????줿???饫_?????Ȥ????????????ߤʤߤΤ??󤫤??????_??????ơ????礦????ȹ???_??ߤ?_?֤褦?????褤????
LKFornaxTitle,Fornax,?¯?,?_?,???
LKFornaxLatin,the Brazier,Fornax,Fornax,Fornax
LKFornaxInfo,"Fornax is a constellation in the southern sky. Its name is Latin for furnace. It was named by French astronomer Nicolas Louis de Lacaille in 1756. De Lacaille originally called the constellation ""Fornax Chemica"" (the chemical furnace), representing a small solid fuel vessel used for heating chemical experiments.",?¯?ֱ??1752???ɷ?????ѧ???????????????????????û???ȳ???+4??ǣ???ʵ??ϸ???ȴ????һ??ӵ???????ϵȺ???λ????????ߣ??????????????ѧ?¯??ʹ?8Ӣ??20????????Զ????ܿ??????,?_?ֱ??1752???ɷ?_??_??????_?_???????__??_???ȳ?_+4??ǣ???__?_??_????һ__????_????Ⱥ???λ춲?????_??__??????????_?_??ʹ?8Ӣ??20????????__??ܿ?_???,?????¯???Fornax???ϡ??????????ġ??˥??顤?륤???ɡ??饫_???ˤ???8?_???????줿???饫_???ե饹????_???뤿??¯?Ȥ??Ƥ???????????????????????ϥե???_??ourneau???????Τ??˥?????ornax Chemica????ѧ?¯????_??????ѧ??⤤?롣
LKHorologiumTitle,Horologium,ʱ??,__?,?Ȥ????
LKHorologiumLatin,the Pendulum Clock,Horologium,Horologium,Horologium
LKHorologiumInfo,"The French astronomer Nicolas Louis de Lacaille first described the constellation in French as l'Horloge ?? pendule & ?? secondes in 1752, after he had observed and catalogued almost 10,000 southern stars during a two-year stay at the Cape of Good Hope. Lacaille Latinised the name to Horologium on his 1763 chart.",ʱ??????88??֮һ???λ????????С???????Լ-60?ȣ??????????????Ϊ??????????????ķ????ݸ?˹??ʱ????????֮???ˮ???????֮?䣻???????17??ͣ?û???????񻰣?ʱ??????????Ŵ????????԰???,__??_??88??֮һ???λ???һ_С??????_-60?ȣ??????????????___????__?__?????ݸ?˹??__???????֮???ˮ??????֮_???????7?_??_??__?????__??????_?Ŵ????????_???,?Ȥ??????__???Horologium???ϡ??????????ġ?18?_???ˡ??ե??????????˥??顤?륤???ɡ??饫_????????__????_?դȤ????????줿??????????Ǥ??ꡢ?_?????Ƥ??ʤ???
LKMensaTitle,Mensa,ɽ???,ɽ???,???֥뤵???
LKMensaLatin,the Table Mountain,Mensa,Mensa,Mensa
LKMensaInfo,"Mensa is a small constellation in the Southern Celestial Hemisphere between Scorpius and Centaurus, one of twelve drawn up in the 18th century by French astronomer Nicolas Louis de Lacaille. Its name is Latin for table, though it originally depicted Table Mountain and was known as Mons Mensae.",ɽ?????Mensa?????????????һ???????????????ѧ??????????ģ??????ǿ???ص??ɽ??????˻????????ɽ???λ????????????ʮ???Ͳű??????Զ?????δ??չ?Ĺŵ????????????????ģ?????????й???????񻰹?¡?,ɽ?????Mensa?????????????һ_?????????_??_??????????ģ?????????ص??ɽ???????????_??ɽ???λ??????????ʮ??_?ű??????_????_δ_չ?Ĺŵ??????_?_??????ģ???__????ɽ????????¡?,???֥뤵??? (???֥?????Mensa) ?ϡ??????????ġ?1756??˥˥??顤?륤???ɡ??饫_???ˤ??ơ?????եꥫ????_?ץ????????֥??????_?դ??????줿???饫_??1751?????752??ˤ????ƥ?_?ץ??????????????_??ФäƤ??롣
LKMicroscopiumTitle,Microscopium,?΢???,_΢_?,???????礦?
LKMicroscopiumLatin,the Microscope,Microscopium,Microscopium,Microscopium
LKMicroscopiumInfo,"Microscopium is a minor constellation in the Southern Celestial Hemisphere, one of twelve created in the 18th century by French astronomer Nicolas Louis de Lacaille and one of several depicting scientific instruments. Its name is a Latinised form of the Greek word for microscope.",?΢?????????е???????????????1752?ȷ???ģ??????û?????????????????Զ?????????ʲô?Ȥ?Ķ??????????Ϊ?˼??6?????΢???ķ????????????ȵ????????????ʵ???????Կ??????????????˫? - ?΢???????,_΢_???????е??_???????????752?_???ģ??_??_?_???????_?_С??__??___?ʲ???????????????_???16?_ĩ_΢_????????????ȵ????????_??ʵ???????Կ?___??????__? - _΢_?????,1756??˥˥??顤?륤???ɡ??饫_???????????줿???ߤʤߤΤ???????????Ф???ä?????????ᡢ?ߤʤߤΤ????2??????ߤʤߤΤ????3?????????????礦????????Ƥ??롣1798??˥?????????????????????夦??ϡ????????礦?????????????????????ʤ??ä???
LKNormaTitle,Norma,?س??,?س??,???礦???
LKNormaLatin,the Carpenter's Square,Norma,Norma,Norma
LKNormalInfo,"Norma was introduced in 1751_52 by Nicolas Louis de Lacaille with the French name l??Equerre et la Regle, ""the Square and Rule"", after he had observed and catalogued 10,000 southern stars during a two-year stay at the Cape of Good Hope. He devised 14 new constellations in uncharted regions of the Southern Celestial Hemisphere not visible from Europe.",?س????Norma??????????ǳߣ??һ??С???????????????????????????1751?1752???ں???ǹ۲????????ģ?????1763???롶Coelum australe stelliferum?????????????????ԭ?Ѵ????????Norma et Regula???????ǳ????ߣ?????ľ????þߡ?ʮ?????ǰ???δ?Զ?????֮ǰ??????????????˲?????????ص?񻰼?ء?,?س????Norma??????????ǳߣ??һ_С???????????????????????????1751?1752?_??????__?_???ģ??_?1763?_???Coelum australe stelliferum?????????????????ԭ?Ѵ???_???Norma et Regula???????ǳ?ֱ?ߣ?????ľ????þߡ?ʮ??_֮ǰ???δ?_????_֮ǰ__????_??????_???֮?_???__??,???礦???????_???Norma???ϡ??????????ġ?С????Ŀ?????ʤ????Ǥ??롣1756??˥ե??????????˥??顤?륤???ɡ??饫_?椬??ɤ?????_?˳???????줿[1]??????饫_???? l'_querre et la R??gle ????Ť???????????__??ߤ????_????ߤ???????1]?????ĤƤϡ?Quadrans Euclidis?????????ɤζ?_????Ȥ??Ф줿???Ȥ⤢?롣
LKOctansTitle,Octans,????,?_?,?Ϥ??֤??
LKOctansLatin,the Octant,Octans,Octans,Octans
LKOctansInfo,"Octans is a faint constellation located in the deep southern sky. Its name is Latin for the eighth part of a circle, but it is named after the octant, a navigational instrument. The constellation was devised by French astronomer Nicolas Louis de Lacaille in 1752, and it remains one of the 88 modern constellations.",??????????˷??????һ?????????ѧ????????Nicolas Louis de Lacaille??????????????????????˷?ǡ?????ȱ?????????????????????????ĵط??????????????켫?????????????????????ɼ???ǣ?????????????????????????ļ??????????ʮ???ĳ??ָ?????????Ϊ???????????Ĳο???,?_???????˷?????һ_???_??_????????Nicolas Louis de Lacaille???????????????????_??˷???????ȱ???????_???_???_??????ĵط??__?_???????????_?????????_????????ǣ???__?̫????????????_?????????????ʮ????_ָ??_?????_???????_??????,?Ϥ??֤?????˷????Octans???ϡ????ˤ????????ĤǤ??롣?˷??Ȥϡ???__?????????ߤǡ??Ƕ?5?????򤷤Ƥ??롣?˥??顤?륤???ɡ??饫_??????8?_?????????줿[1]???饫_??1756??˿???????_?Ǥ?l??Octans de Reflexion ?Ȥ??Ƥ???????1763??ε????ϥ????? Octans ????????[1]???ζ?????Ϥʤ???
LKPictorTitle,Pictor,???,_???,?????
LKPictorLatin,the Easel,Pictor,Pictor,Pictor
LKPictorInfo,"Pictor is a constellation in the Southern Celestial Hemisphere, located between the star Canopus and the Large Magellanic Cloud. Its name is Latin for painter, and is an abbreviation of the older name Equuleus Pictoris (the ""painter's easel""). ",??????????1752???????֮һ?? ??????С???ĺ??ڵ??Ͽ???????????????????????С??Զ?????Ͳ?Զ???Ĺ۲???˵????????????ʲô??Կ???????????,_??????????1752???????֮һ?? _??_??С???ĺ??ڵ??Ͽ??????????_춿?????_???С??__??Ͳ?__?????_??__??????ʲ?????_?????_??,??????????????Pictor???ϡ??????????ġ?Pictor ?ϥ????ǡ????ҡ??Ȥ????ζ?????????????Υ?_?դȤʤä??Τϻ??ҤǤϤʤ????ܤǤ??롣1756??ˡ??˥??顤?륤???ɡ??饫_???????????줿??
LKReticulumTitle,Reticulum,???,_??,???????
LKReticulumLatin,the Reticle,Reticulum,Reticulum,Reticulum
LKReticulumInfo,"Reticulum is a small, faint constellation in the southern sky. Its name is Latin for a small net, or reticle??a net of crosshairs at the focus of a telescope eyepiece that is used to measure star positions. ",??????????ѧ???????????????????????????˼??????????˾???۲?õ??????ʮ?˿????????????????ͻ????ص?Ǽ????Ȥ????????????????,_?????_??_??????_????_????????_?_????Ŀ_????˾??__???????ʮ?_??__??????????ͻ??????__?Ȥ???????????????,????????ϡ?1756??˥ե??????????˥??顤?륤???ɡ??饫_???????????줿?????__?Ǻ?Ǥ???__??Ф?_?ϡ???ۥ????ν??????_Ұ???Ĥ????????Ұ????뤿??ʮ?_???롣
LKSculptorTitle,Sculptor,????,????,???礦?????????
LKSculptorLatin,the Sculptor,Sculptor,Sculptor,Sculptor
LKSculptorInfo,"Sculptor is a small and faint constellation in the southern sky. It was introduced by Nicolas Louis de Lacaille in the 18th century. He originally named it Apparatus Sculptoris (the sculptor's studio), but the name was later shortened.",????????????ѧ??????????????????С????ԭ??????????ҵĹ????????????ʱ????????ڵ???ơ?????17??Ͳ?´??????????????ص?񻰹?¡?,????????_??_?????????_?????_С????ԭ_????????ҵĹ????????????_??__??????_??????7?_??????????????_?????¡?,???礦???????????_??????Sculptor ???ϡ??????????ġ??˥??顤?륤???ɡ??饫_??????8?_???????줿??_?????????????ˤ??롣????Ǥϡ?_?뤳?Ȥ??Ǥ??뤬?߶Ȥϵͤ???
LKTelescopiumTitle,Telescopium,?Զ???,?__?,?ܤ????󤭤礦?
LKTelescopiumLatin,the Telescope,Telescopium,Telescopium,Telescopium
LKTelescopiumInfo,"Telescopium was introduced in 1751_52 by Nicolas-Louis de Lacaille with the French name le Telescope, depicting an aerial telescope. Covering 40 degrees of the night sky, the telescope stretched out northwards between Sagittarius and Scorpius. Lacaille had Latinised its name to Telescopium by 1763.",?Զ????һ?????Ƶ???????λ????????????毳?֧?ŵĴ???Զ?????Զ??????????ѧ??޵?ʿ??????1751?-1752??????ǹ۲???ǿ?????ֵ????С??????λ?????û??????񻰴?˵??,?__??һ_??_??_????λ????????????֧_?Ĵ???__???__????_??_??޵?ʿ??????751?-1752???????_?????_?ֵ??_С??????λ??죬_?__???__??,?ܤ????󤭤礦????__????ϡ??˥??顤?륤???ɡ??饫_???ˤ???8?_???????줿?????????Υ?_?դȤʤä??Τϡ???_????Ǥ??ä??ǳ?????_Ͳ???????__?Ǥ??롣??_???__?Ͼ??Ȥεͤ???????ä??Ƥ??????ᡢ????_??ӤФ????Ȥˤ?ɫ_??????????Ҫ?????ä???
LKApusTitle,Apus,???,???,?դ????礦?
LKApusLatin,the Bird-of-Paradise,Apus,Apus,Apus
LKApusInfo,"Apus is a small constellation in the southern sky, first defined in the late 16th century. Its name means ""no feet"" in Greek, and it represents a bird-of-paradise, which was once wrongly believed to lack feet.",????????֮һ????????֮??????ϼ???????û???????Poeter Dirkszoon Keyser??rederick de Houtman?????Ϊ??Ǽ??¼????ļ????????????֮һ????????֮???_?????????_??_???Poeter Dirkszoon Keyser??rederick de Houtman?_??_?????___??__??,???դ????礦????__???????餯???礦??????ƤǤ??롣???ƥ롤?????????ե????????ǡ??ϥ??ȥޥ󤬲Ф???____????˥ڥȥ륹???ץ?????????1597?????ɤ???????˲Ф???????????Ǥ??롣,
LKChamaeleonTitle,Chamaeleon,??????,_??,?????????
LKChamaeleonLatin,the Chameleon,Chamaeleon,Chamaeleon,Chamaeleon
LKChamaeleonInfo,"Chamaeleon is a small constellation in the southern sky. It is named after the chameleon, a kind of lizard. It was first defined in the 16th century.",??????????????????ܰ???????λ????????ϼ??֮?䡣???̽???ieter Dirkszoon Keyser??rederick de Houtman???????????????,_??????_???_?ܰ???????λ춴????????֮_????̽_??ieter Dirkszoon Keyser??rederick de Houtman?_??????ɫ_??,????????? (Chamaeleon) ?ϡ??????????ġ??????ν????ˤ??뤿?????????Ǥ?_?Ǥ??ʤ????????????6?_??????????????????Ǥ??ꡢ?_?Ϥʤ???
LKDoradoTitle,Dorado,????,__?,???????
LKDoradoLatin,the Swordfish,Dorado,Dorado,Dorado
LKDoradoInfo,"Dorado is a constellation in the southern sky. Its name refers to the dolphinfish (Coryphaena hippurus), which is known as dorado in Portuguese, although it has also been depicted as a swordfish.",??????Dorado????????Ĺ????????һ??????????????????ҿ???ͺ????1595?1597????????2????֮һ???1603????¼?????ġ??????????????????????,__???Dorado??????_?Ĺ???_???һ_????????????????_?ͺ????595?1597?_?????2_??֮һ???603????_춰???ġ?_?_??_?????????__??,??????????_???Dorado???ϡ??????????ġ??????Dorado ?ϡ?Ԫ?????ڥ????ǡ??𡹤??????Ƥ??ꡢ__???????Ƚ?????????Ȥ????ƥ??ǡ??????项??????褦?ˤʤꡢ?_?Ǥ??Ӥ?????????_????ˤ?褫?????롣
LKGrusTitle,Grus,????,?_?,?Ĥ??
LKGrusLatin,the Crane,Grus,Grus,Grus
LKGrusInfo,"Grus is a constellation in the southern sky. Its name is Latin for the crane, a type of bird. It is one of twelve constellations conceived by Petrus Plancius from the observations of Pieter Dirkszoon Keyser and Frederick de Houtman. ",?????1595-1597?Pieter Dirkszoon Keyser??rederick de Houtman??????2??????֮һ??????֮????ž??֮?????1603??????ΰ?????ݶ????????????????Ŵ??????ܾʡ?ֱ??17??ͱ??Ϊ??????????֡??Ϊ???ֵ???û???ص?񻰴?˵??,?????1595-1597?Pieter Dirkszoon Keyser??rederick de Houtman??????2??????֮һ??????֮????ž??֮?????1603??????ΰ?????ݶ????????????????Ŵ??????ܾʡ?ֱ??17??ͱ??Ϊ??????????֡??Ϊ???ֵ???û???ص?񻰴?˵??,?Ĥ????_???Grus???ϡ??????????ġ??????_??????????ФǤ???뤤????त????????????Ǥ?Ϥ˵ͤ???????????Τ???????ʤ????Ĥ????6?_??????????????????Ǥ??ꡢ?_?Ϥʤ???
LKHydrusTitle,Hydrus,ˮ??,ˮ??,?ߤ??ؤ??
LKHydrusLatin,the Water Snake,Hydrus,Hydrus,Hydrus
LKHydrusInfo,"Hydrus is a small constellation in the deep southern sky. It was first depicted on a celestial atlas by Johann Bayer in his 1603 Uranometria. Its name means ""male water snake"", as opposed to Hydra, a much larger constellation that represents a female water snake.",ˮ???һ??Զ??????????λ?????????֮?䡣?????????????????????İ?????????????????????????16??ͣ???????????????????????????¼??ݶ?1603???????????????????һ????ǡ??????ָ??????෴?????,ˮ???һ____????????λ춴??_?_?_֮_?????_?_?_????????????İ????????_?_?_?????__?ϵ??16?_????????????_??_?????_???_???1603??????????_?????????_??ǡ?_???ָ??_??෴?????,?ߤ??ؤ????ˮ?????ϡ??????????ġ????ߤؤ?? (Hydra) ?Ȥϥ????????褯??Ƥ??뤬??????Ĥˤ????__????Τ?????Ǥ??롣һ???_?Ȥ??ƤΥҥ????ζ?_?ϡ?ˮ????Ǥ??뤿?ᡢֱ_???_???????ߤ??ؤ???ϡ??????[2]???????ߤؤ???ϡ??Ƥ??????Ȥʤ롣
LKIndusTitle,Indus,ӡ?ڰ??,ӡ?ڰ??,???????????
LKIndusLatin,the Indian,Indus,Indus,Indus
LKIndusInfo,Indus is a constellation in the southern sky created in the late sixteenth century. The constellation was one of twelve created by Petrus Plancius from the observations of Pieter Dirkszoon Keyser and Frederick de Houtman.,ӡ?ڰ???????????????????????????ڰ????ΪPieter Dirkszoon Keyser??rederick de Houtman?1595-1597?Ѳ?????򣬹۲???????2??֮һ??1603???γ????ݶ??ġ??????????,ӡ?ڰ????????_?????????????????ڰ????_Pieter Dirkszoon Keyser??rederick de Houtman?1595-1597?Ѳ??????_??????2??֮һ??1603???γ?_??ݶ??ġ?_?_?????,??????????? (Indus) ?ϡ?????????ʤΤ?????ʤ??????????뤿???ϡ?16?_ĩ?˥ޥ????????뤫?饹?ޥȥ顢?????ˤ????ƺ??????Ƥ??ꡢ?????˽Ӥ??????եꥫ????????????????롢_????__???ס????ǥ????????ȿ??????Ƥ??롣
LKMuscaTitle,Musca,????,__?,?Ϥ??
LKMuscaLatin,the Fly,Musca,Musca,Musca
LKMuscaInfo,Musca (Latin: fly) is a small constellation in the deep southern sky. It was one of twelve constellations created by Petrus Plancius. It was also known as Apis (Latin: bee) for two hundred years. Musca remains below the horizon for most Northern Hemisphere observers.,?????????????Musca???λ?????յ????С????Զ???????죬??????ѧ????³˹??????˹???ݺ???????ұ˵á??¿ˡ?????͸??׵?????¡????????Ĺ۲??????????????ԭ?????Apis??????????ֱ??18??;????????֮????ݻ?Ϊ???????????????λ?????????,__???????_??Musca???λ???????_С????___?????죬?????_????_˹???_?˹??_???????ұ˵á??¿ˡ?__?͸??׵??ˡ??¡?????????__??_?????????ԭ_???Apis??????????ֱ??18?___?????֮????ݻ?___?????????_??λ춵??_????,?Ϥ????_???_???Musca???ϡ??????????ġ??????˽?????????δ󲿷֤ε?򤫤?_?뤳?Ȥ??Ǥ??ʤ???????Ǥϡ????Ĥƺ?????ʽ?ʱ????Ϥ?????ä??????α?????ʹ?????????????1990?11???????????4_?ǤϤ???˸Ĥ??졢1994?????Ρ????ʡ ѧ_?_??????ѧ_??__?????ʽ?ˤϤ???Ȥ??줿??
LKPavoTitle,Pavo,????,????,?????㤯?
LKPavoLatin,the Peacock,Pavo,Pavo,Pavo
LKPavoInfo,Pavo is a constellation in the southern sky with the Latin name for peacock. It is one of twelve constellations conceived by Petrus Plancius from the observations of Pieter Dirkszoon Keyser and Frederick de Houtman. Pavo first appeared on a 35-cm (14 in) diameter celestial globe published in 1598 in Amsterdam by Plancius and Jodocus Hondius and was depicted in Johann Bayer's star atlas Uranometria of 1603.,?????????֮һ?????????Pavo?????Դ????????Peacock??һ?ʡ? ??? Petrus Plancius ?Ӻ??? Pieter Dirkszoon Keyser ??Frederick de Houtman ??595-1597??Ĺ۲???й????????2????֮һ?????????????????Ͷž?????ϳ?????????????????Ĵ????????????????????????ƽ?׹?????,?????????֮һ?????????Pavo????Դ?????_??Peacock??һ_?? ??? Petrus Plancius _??? Pieter Dirkszoon Keyser ??Frederick de Houtman ??595-1597???__??????_??2_??֮һ??????_?_???_????Ͷ??????_????????_??????Ĵ??_????????????????_???ƽ??????,?????㤯?????????Pavo???????????ġ??????㤯???6?_??????????????????Ǥ??ꡢ?_?Ϥʤ??????ƥ롤?????????ե????????ǡ??ϥ??ȥޥ󤬲Ф???____????˥ڥȥ륹???ץ?????????1597?????ɤ???????˲Ф???????????Ǥ??롣???󡤥Х????뤬1603????????????????ꥢ?Ǥ????????????Ȥˤ????????????ˤʤä???
LKPhoenixTitle,Phoenix,???,_???,?ۤ??????
LKPhoenixLatin,the Phoenix,Phoenix,Phoenix,Phoenix
LKPhoenixInfo,"Phoenix is a minor constellation in the southern sky. Named after the mythical phoenix, it was first depicted on a celestial atlas by Johann Bayer in his 1603 Uranometria. The French explorer and astronomer Nicolas Louis de Lacaille charted the brighter stars and gave their Bayer designations in 1756.","??????????????, ?????????ԱPieter Dirkszoon Keyser ??rederick de Houtman???????1603??Johann??????ranometria????????Ȼ???????????????????Ϊ??????????ʿ?ʸ??????һ?ԣ?????Թ㷺Ϊ??֪??","_???????_С????, ????_??_Pieter Dirkszoon Keyser ??rederick de Houtman?__???1603??Johann__??ranometria???_??_Ȼ???????_??????????__?????_ʿ?ʸ??_???һ_?????????_??֪??",?ۤ????????_?????Phoenix???ϡ??????????ġ?????Ǥϸ߶Ȥεͤ?λ??????롣?????ϡ???ˡ???_???ȥ?????ϥ??եꥫ?ʤɤ?????_???롣?????Τۤ?????????ˤ???????Ƥ??뤬???????ϥե??˥å????????_??????_?դˤ??????Ǥ??롣????????ʤΤ???Ϥʤ???
LKTucanaTitle,Tucana,?ž??,???,???礷???礦?
LKTucanaLatin,the Toucan,Tucana,Tucana,Tucana
LKTucanaInfo,"Tucana is a constellation of stars in the southern sky, named after the toucan, a South American bird. It is one of twelve constellations conceived in the late sixteenth century by Petrus Plancius from the observations of Pieter Dirkszoon Keyser and Frederick de Houtman. ",?ž?????????С????????????ΪTucana????????˼???1595??1597?֮??ɿ????Pieter Dirkszoon Keyser??????????Frederick de Houtman??????ġ??ž?????һ???????????Ϊ???ĺ?Ƕ????Ȼ????????ž??λ??Ŵ??????ɼ??????????????ص?񻰹?¡?,?????????С????????????_Tucana?????????????1595??1597?֮_?__??Pieter Dirkszoon Keyser??????????Frederick de Houtman??????ġ???????һ__????????_???ĺ?Ƕ????Ȼ??????????λ춹Ŵ?????????????????_?????¡?,???礷???礦??????????ϡ??????????ġ?????Ȥϡ????ĥĥ?Ŀ?????ϥ??Ƥ?????_?Τ??ȤǤ??롣???ĤƤϡ??ץ??????????Х????롢???Ǥ????ƥ?????? Toucan ?Ȥ??졢????Ǥ?????????Ⱥ?ܤ줿???Ȥ????ä????ޤ???_?????_?ǤϤ????ϥۥȥȥ????Ȥ??졢?????֤????Ƥ??Ƥ??롣
LKVolansTitle,Volans,????,__?,?ȤӤ????
LKVolansLatin,the Flying Fish,Volans,Volans,Volans
LKVolansInfo,"Volans is a constellation in the southern sky. It represents a flying fish; its name is a shortened form of its original name, Piscis Volans.??Volans was one of twelve constellations created by Petrus Plancius","?????????Pieter Dirkszoon Keyser??rederick de Houtman?1595-1597??۲???????2??????֮һ,1603?????????ݶ????????????????ֺ????й???????????ǹ١?","__?????Pieter Dirkszoon Keyser??rederick de Houtman?595-1597?__??????2_????֮һ,1603?????????ݶ?????????_?????ֺ???????_?___??١?",?ȤӤ??????__???Volans???ϡ??????????ġ??????˽?????????δ󲿷֤ε?򤫤?????????????????_?뤳?Ȥ??Ǥ??ʤ????ȤӤ??????6?_??????????????????Ǥ??ꡢ?_?Ϥʤ???
LKAquilaTitle,Aquila,?ӥ?,?_?,?路?
LKAquilaLatin,the Eagle,Aquila,Aquila,Aquila
LKAquilaInfo,"Aquila was also known as Vultur volans to the Romans, not to be confused with Vultur cadens which was their name for Lyra. It is often held to represent the eagle who held Zeus's thunderbolts in Greco-Roman mythology. Aquila is also associated with the eagle who kidnapped Ganymede, a son of one of the kings of Troy, to Mount Olympus to serve as cup-bearer to the gods.",?ӥ????????֮һ???????֮??????֮?????󲿷?????ڡ???˵??٤?ī?????????????????һ???????????ʱ???˹???վ?????һ??٤?ī??????????????˹?????ֻӥ°?٤?ī?????????˹ɽ?????Щ?汾˵?˹ǲһֻӥ׽?٤?ī????????????????????٤?ī????Ӵ˳???˹???ĵ???ס?,?_????_??֮һ???????֮????_?֮?????󲿷??????__??٤?ī???__???????????һ???????_???_???˹????_??һ_٤?ī?????_??_???˹_????ֻ__?٤?ī?????_???˹ɽ?????Щ?汾_?˹ǲһֻ_׽?٤?ī??????????????????٤?ī???_?˳??˹???ĵ??????,???ꥷ???_?Ǥϣ??ȥ???????????˥?_?????????ޤ???????????ä????ᡢ????????????_??򤵤??뤿??????????????????路??_??????Ǥϡ????˥?_????????_?դȤ?????????????ˤ路???λ????Ƥ??ꡢ?_?Ǥ??????????????????褫?????롣һ_?ϡ??ץ???ƥ????θ?????餦_?Ǥ??롣   
LKAraTitle,Ara,?̳?,?_?,?????????
LKAraLatin,the Altar,Ara,Ara,Ara
LKAraInfo,"Ara is a southern constellation situated between Scorpius and Triangulum Australe. Its Latin name means ""altar"". In ancient Greek mythology, Ara was identified as the altar where the gods first made offerings and formed an alliance before defeating the Titans. The nearby Milky Way represents the smoke rising from the offerings on the altar.",??˵??????˹?????Ů????ͳ?????????????֮??Ů???????????????????ʯͷ??????????˹???????Ѻ????ڿ??????ɽ??????˺????????????˹???????ص????????˹?Ĺ??ǿ?????˹????ǰ??????????Ů????????????̳??????????˹?б??????????????????????????ȡ???????Ϊ???????֮??????????????,__?????˹?????Ů????_????????????֮_Ů???????????_??????ʯ__??_???˹???????Ѻ????????һ_ɽ??????˺?????????_?˹_??ᣬ?ص???_???˹???_????˹????ǰ????????_?Ů????_???____?????????˹_???????____ʮ???_????˹_ȡ??????__?_?????֮?????????_???,?????????????_????ϡ????????ǥȥ?_??8?????ġ?_???????ƥͥ????륯?????ޥ˥ꥦ???ˤ??ȡ????????Ȥ???ֵܤ?????????Υ??ȥƥ?_??_??????Ƥ?????뤳?Ȥ?Ĥä???_?Ǥ??????????ץȥ????????Υ??????????????_?Ǥϡ????μ?_?????ס???_?˱???Ȥ??????褫?????롣?ޤ??????󥿥??륹??????????????????뤿????_?Ȥ???褫????
LKCentaurusTitle,Centaurus,?????,????,???󥿥??륹?
LKCentaurusLatin,the Centaur,Centaurus,Centaurus,Centaurus
LKCentaurusInfo,"Centaurus is a bright constellation in the southern sky. One of the largest constellations, Centaurus was included among the 48 constellations listed by the 2nd century astronomer Ptolemy, and it remains one of the 88 modern constellations. In Greek mythology, Centaurus represents a centaur; a creature that is half human, half horse (another constellation named after a centaur is one from the zodiac: Sagittarius).",???????Centaurus???һ???޴?????????ӵ???????ȴ?ǣ??????????Ͱ??????ǡ???????????????˸??????塣??????????˰????󣬰???????֮һ????????????????ϣ??????????????????Ѹ??????????????????£????????????̰?????????Ҳ???????????????Ƕ??ϣ??Ӣ??ĵ?ʦ???????????˹??ձӰ????߯?˹??????????????????????˹??,??????Centaurus???һ_?޴?????????_?__һ?ȴ?ǣ?????????Ͱ?????ǡ?????_?_???_??˸?Ȥ??????????_??˰????󣬰??????֮һ?????_??_??????ϣ_?_???????һ_???Ѹ????_????????????£?_ֹ???????_?????__?Ҳ??????????????????ϣ_Ӣ???_??_???????˹??ձ?˹??߯?˹??????_˹?????????????˹??,???󥿥??륹??ϡ??ȥ?_??8?????ġ???????뤤???Ǥ??롣?Ŵ????ꥷ???ϡ??????????󥿥???? (????_?ߤǥ??󥿥??륹) ?Ȥߤʤ??줿?????󥿥??????????????Ϥۤ??ˤ⤤????????롣???????Ĥ????Ϥ????????餷?Ф??л?????줿????????ϡ???????????????Ρ????Ӥ????????????Ϥ????Ȥ??????󥿥?????ǡ????󥿥??륹??ϡ??ݥ???Ȥ???_?Υ??󥿥????????????Ȥ?????
LKCoronaAustralisTitle,Corona Australis,???,???,?ߤʤߤΤ??????
LKCoronaAustralisLatin,the Southern Crown,Corona Australis,Corona Australis,Corona Australis
LKCoronaAustralisInfo,"Corona Australis is a constellation in the Southern Celestial Hemisphere. Its Latin name means ""southern crown"", and it is the southern counterpart of Corona Borealis, the northern crown. The Ancient Greeks saw Corona Australis as a wreath rather than a crown and associated it with Sagittarius or Centaurus. ",??????????????Corona Australis??????88????????ܶ????8????֮һ??ÿ?6?30??ҹ???????????????????˵?Ϊ?????????ͷ?????ʹڡ?1932???????????????????Corona Australis?ʽ???ΪCorona Austrina??Ȼ??????Corona Australis?Ȼ???㷺ʹ???,???????????__Corona Australis???_??88_??????ܶ?_??8_??֮һ??ÿ?6?30??ҹ?????__??????_____????_?_?_?????ʹڡ?1932???__????__??___Corona Australis?ʽ???_Corona Austrina??Ȼ??_??Corona Australis?Ȼ??_??ʹ???,?ߤʤߤΤ???????ϡ??ǥ????˥???????ĸ????_????礫???????????Τ????????줿???Ȥ?????????롣?ҥ奮_?̥??Ϥ??????????????????Ǥ??????Ƥ??뤬?????Ĥ?????ͬ???Ƥ??????????롣???ιڡ????󥿥??륹?ιڤʤɤȺ?Ф????Ȥ⤢?뤬?????????????Фˤ?????????뤳?Ȥ??????롣
LKCorvusTitle,Corvus,?ѻ?,__?,???餹?
LKCorvusLatin,the Crow,Corvus,Corvus,Corvus
LKCorvusInfo,"Corvus is a small constellation in the Southern Celestial Hemisphere. Its name means ""raven"" in Latin. One of the 48 constellations listed by the 2nd-century astronomer Ptolemy, it depicts a raven that has been associated with the god Apollo and is perched on the back of Hydra the water snake.",?ѻ?????????С???????88????????ܶ????8????֮һ???ѻ?????????Ŵ????????ϣ???????Ϊ?????ȡˮ???????Ϊ·?̰?????????ȡ?????ˮ????????????????????޾??????????????????????ϡ?,__???????_С????_??88_??????ܶ?_??8_??֮һ??__??????_?Ŵ???_????ϣ_?_??_????_ȡˮ??_???_·?_?????????ȡ????_ˮ???????????__??????޾??????????_??????????ϡ?,???餹???_???Corvus???ϡ????饹?ϥ??ݥ??ʹ?????Ǥ??ä?????_????פǤ??줤???ǡ?????????äƤ??????Ȥ?????????Υ??饹?ϡ????ݥ??????????˥???_??Ф?ܻᤷ?Ƥ???????_?ä??_?򥢥ݥ??_?????????饹???Ȥ????_??????졢??????Ť??졢???Ȥʤä???
LKCraterTitle,Crater,?޾??,?޾??,???å??
LKCraterLatin,the Cup,Crater,Crater,Crater
LKCraterInfo,"Crater is a constellation. Its name is Latin for cup, and in Greek mythology it is identified with the cup of the god Apollo. It was one of the 48 constellations listed by the 2nd century astronomer Ptolemy, and remains one of the 88 modern constellations. It is faint, with no star brighter than third magnitude.",?޾?????????Crater??????????????88??????ܻ??ֵ?8??֮һ???ϣ????????̫????????һֻ?ѻΪ?ȡˮ???ѻ?·?????????????ȡ????󣬴?????ˮ??Ϊһ?????????ƭ?ֱ??????????????????ˮ?????????????ϡ??޾?????ѻ??ͳ????Ϊ?ӽ???,?޾?????????Crater???????????_??88????????ֵ?8??֮һ???ϣ_?_???̫_?????__һֻ___?ȡˮ??__?·?_?????????_ȡ??????_???_ˮ??_һ_????___?ֱ?????_????????_??ˮ?????????????ϡ??޾????__??????_?ӽ???,???å??????Ϥ褯?֤????????????Υ??åפ?????ʥ??åפǤϤʤ????󤭤ʱ??Ǥ??뤳?Ȥ??֤??äƤ??롣һ_?ˤ????_????ݥ?????֥??Ȥ?????Ԥ??뤬???Ƥ???????˥好?????????ʤ?????⤢?루?Ŵ??᥽?ݥ??ߥ??_??????륬?᥷??ˮ????⤵?졢???åפ??ˤ??????????????
LKCruxTitle,Crux,?ʮ??,?ʮ??,?ߤʤߤ??夦???
LKCruxLatin,Southern Cross,Crux,Crux,Crux
LKCruxInfo,"Crux is a constellation located in the southern sky in a bright portion of the Milky Way. It is among the most easily distinguished constellations, as none of its four main stars has an apparent visual magnitude greater than +2.8. Its name is Latin for cross, and it is dominated by a cross-shaped or kite-like asterism that is commonly known as the Southern Cross.",?ʮ????ʮ??????λ???????Ͳ???֮?䣬?ȫ?88??????С???????ɫ????????????????????????????????;?????Ϊ???????ع???ϵĵط??Կɿ????????????˱?????ʮ???????ʮ??????????Ĳ??֣???????????Ҫ????????ź?ǹ??ɵ?????????ϰ??????????????,?ʮ????ʮ??????λ춰?????_?֮_???ȫ?88_????С???????ɫ???_????????_Դ????????????????;?????_????????_???ĵط??Կɿ????_??????˱?__?ʮ????_??ʮ????_????Ĳ??֣???__???ʮ???Ҫ???????_????ɵ???????_????????_????_??,?ߤʤߤ??夦??????ʮ??????Crux???ϡ??????????ġ?ȫ?88????Ф??С???????ʮ?????ߤʤߤ??夦???????????ޤ????_?Ǥ????outhern Cross?Ȥ??Ƥ?????롣??????Ƥϡ??Ϥ????礦????Ĳ????????ʮ??????_???Ƹ???????????????????С??????˸??????뤵?????ޤ??äƤ??ʤ????Ȥ⤢?äơ??????ˤ??롺?˥?ʮ?????_?????뤳?Ȥ?????
LKCygnusTitle,Cygnus,????,?_? ,?Ϥ????礦?
LKCygnusLatin,the Swan,Cygnus,Cygnus,Cygnus
LKCygnusInfo,"In Greek mythology, Cygnus has been identified with several different legendary swans. Zeus disguised himself as a swan to seduce Leda, Spartan king Tyndareus's wife, who gave birth to the Gemini, Helen of Troy and Clytemnestra; Orpheus was transformed into a swan after his murder, and was said to have been placed in the sky next to his lyre (Lyra); and the King Cygnus was transformed into a swan.",????????????Cygnus????????֮һ?????????Ĳ??ֱ????ʮ??????˵?????˹??????䱱?֮??ķŵ˹??Rhamnus???????????????ī?˹??һ?????????ī?˹Ϊ?ܿ??˹????????ͬ?Ķ???????ѭ?ӵ??ת½·???????????????????෬׷???????????????ϣ????_????ɵ????ס??,?_????????Cygnus????????֮һ???_????Ĳ??????ʮ????__?????˹__??䱱?֮??ķ_˹??Rhamnus??????__?????ī?˹??һ__??????ī?˹_???˹??_?_??ͬ????????ѭ?ӵ??__·????_?????????__?෬׷?????δ?__?˹???_??_??_????ɵ????ס??,?Ϥ????礦?????????ϡ???????????????ĤǤ??롣?????????????Ϥ?????????????Ϥ?򤱤???Τ򤷤Ƥ??롣????Ǥ?Ĥδ???Ĥ???????ĤǤ??롣ʮ???Τ?Ǥ?_?????뤳?Ȥ??顢??ʮ????_???󥯥???Ⱥ?Ф????ʮ????_????__?Ǥ?_???????Ƥ??롣???ꥹ?Ƚ̤ǤϤ??????򡢥??ꥹ?Ȥ?ݤ????ܤ?ؤͤƿ????뤳?Ȥ????롣
LKHerculesTitle,Hercules,???,???,?إ륯?쥹?
LKHerculesLatin,Heracles,Hercules,Hercules,Hercules
LKHerculesInfo,"Hercules is a constellation named after Hercules, the Roman mythological hero adapted from the Greek hero Heracles. Hercules was one of the 48 constellations listed by the 2nd century astronomer Ptolemy, and it remains one of the 88 modern constellations today. It is the fifth largest of the modern constellations.",??????????????Hercules????????񻰵????????˹??????????????Դͷ?ϣ???????????????????????????????????г???8??֮һ?????????88 ?????֮һ???ϣ????????????˹??????????????˹????ִ?ʮ?????ѵ????????????_?__Hercules????___?_?????????˹?????_???????Դ_?ϣ_?_????????????????????_??_?????г???8??֮һ?????????88 _????֮һ???ϣ_?_???????˹???_?_??_˹?˹????_?ʮ??___?????,?إ륯?쥹??ϡ????ꥷ???_?˵??????ߥإ饯?쥹?ˤ??ʤࡣ????????????ϡ??إ륯?쥹??????뤳?Ȥ???????Ҫ?????롣???إ饯?쥹(?إ륯?쥹?)?ϡ???񥼥??????Ů???륯?????Ȥ??ˤ⤦??????ǡ????Ǥ??????顢??????إ????аħ?򤵤??__?????ä?????12???_???????????Ȥʤ???????????????,
LKHydraTitle,Hydra,????,_??,???ߤؤ??
LKHydraLatin,the Sea Serpent,Hydra,Hydra,Hydra
LKHydraInfo,"Hydra is the largest of the 88 modern constellations. Its southern end abuts Libra and Centaurus and its northern end borders Cancer. It has a long history, having been included among the 48 constellations listed by the 2nd century astronomer Ptolemy. It is commonly represented as a water snake. It should not be confused with the similarly named constellation of Hydrus.",???? ????88??????һ?????״?һ????ĳ?????ϣ??????Ϊ̫???????ȡˮ???????ѻ???·?????????ȡ?????ˮ???????????????ƭ?֣???????ˮ?????޾??????????????????????ϡ??Щ???ش???Ŵ????????????????һ˵?????Ӣ????????ɱ??ľ??????????????Ϊǰ???????Ӣ?ΰ??֮һ??,_?? ?_??88??????һ_???_?һ__???????ϣ_?_?_̫_?????_ȡˮ??_??__???·?????????ȡ????_ˮ???????_??????__?֣???_??ˮ?????޾??????????_??????????ϡ?_Щ?_????Ŵ????__?????????һ__??_Ӣ????????_??ľ?????????????_ǰ??????_Ӣ?__֮һ??,???ߤؤ???????????ϡ??????饯??????2???_?Τ?????2??Ŀ?????ι?????????Ǥ??ä??????ι????9?Ĥ?פ????????Τ??????Ĥϲ???Ǥ??ä????ޤ????Ф???????¤??????2??????Ƥ??뤿?ᡢ???饯?????Ͽ????????ˤ???Υ????饪?????ӡ?????˻????Ƥ?????????????????ʤ??褦?ˤ??????????ơ??????פϴ󤭤?Ҥ?·󤭤ˤ??Ƥ褦?䤯????????
LKLupusTitle,Lupus,????,????,?????????
LKLupusLatin,the Wolf,Lupus,Lupus,Lupus
LKLupusInfo,"Lupus is probably based on the Babylonian figure known as the Mad Dog. This was a strange hybrid creature that combined the head and torso of a man with the legs and tail of a lion It is often found in association with the sun god and another mythical being called the Bison-man, which is supposedly related to the Greek constellation of Centaurus.",??????????88??֮һ??Ҳ????ܵ?8??֮һ???ʱ????????????????Ĺ??Lycaon?????ܽ??????趨??ǡ?ϣ????ѧ????ǡ˹?ǰ200???????Ӱ??????ֳ?????????????????⻹???͸??????????????һ????Ϊ??????Ӣ??????˹ɱ??ġ??????˹ɽ?????????,???????_??88??֮һ??Ҳ????ܵ?8??֮һ???_????????_?_????Lycaon???????????????ǡ?ϣ_??_????ǡ˹?ǰ200??????_??????ֳ?_??__??_??????????͸?????????????һ???__????_Ӣ??????˹_??ġ??????˹ɽ????_????,?Ŵ??᥽?ݥ??ߥ??Ǥϡ???? (the Mad Dog) ?ޤ??ϥ???Ф????Ф??__???ˤ?????졢?Х?????????Υ??󥿥??륹??????????Ȥ??줿???_?Ĥʥ??ꥷ????Ϥʤ??????륫?ǥ??????????????????????????????롣???????ȡ???Ȥ?????򹩤??????????󤬴?񥼥????ˤ??Ǥ???????????Ȥ?????
LKLyraTitle,Lyra,???,???,?????
LKLyraLatin,the Lyre,Lyra,Lyra,Lyra
LKLyraInfo,"In Greek mythology, Lyra represents the lyre of Orpheus. Made by Hermes from a tortoise shell, given to Apollo as a bargain, it was said to be the first lyre ever produced. Orpheus's music was said to be so great that even inanimate objects such as trees, streams, and rocks could be charmed. ",??????????ľ????????????????????????????????????????????????ת???????˹???·??????????·??????????٣???֮??????ɽ??????Ϊ֮????????˹???????????????????????????,??????????ľ????_?????_????????????__??_????_??????_?_?_???????˹??_????????__???_??????٣??_֮?_??_ɽ??__??_֮_??????˹_???????????????????׷???,_??????_?????饤??_??????????ݥ?????ܤ?????????????٤ϥ??ݥ???Ϣ?????????????ʤꡢ????????????????Ҥˤʤä???????????????????Ϥ??Τޤ޴??????????????????????ʰ???????Ȥ?????
LKSagittaTitle,Sagitta,????,????,???
LKSagittaLatin,the Arrow,Sagitta,Sagitta,Sagitta
LKSagittaInfo,"In ancient Greece, Sagitta was regarded as the weapon that Hercules used to kill the eagle (Aquila) of Jove that perpetually gnawed Prometheus' liver. The Arrow is located beyond the north border of Aquila, the Eagle. 
Eratosthenes claimed it as the arrow with which Apollo exterminated the Cyclopes.",?????ȫ????С????????˵????˹????????ˣ???ŭ???˹????????????ڸ߼??ɽ?????ÿ????һֻӥ???ʳ??ĸ?࣬????ĸ??????ϣ???????ֱ??????????????ͷӥ????????˹??š?Ҳ???????ᵽ????С??????صļ????????????Ы??ļ???,?????ȫ????С??????__?_??˹_??????ˣ?_ŭ???˹???????___춸߼??ɽ_????ÿ????һֻ__?ʳ??ĸ????_??ĸ?????ϣ???????ֱ??????????????__??_?_??˹_?š?Ҳ??_???ᵽ????С_????صļ???????????_??ļ???,????Υ??ꥷ????ϡ?_?_(?路?)?˸??????Фޤ?????????ƥ??????????饯????(?إ륯?쥹?)????_??????ʸ?Ǥ??????????????˥????ϡ????????򥬥˥?_????????ˤ???????_??񥨥???????Ǥ???????????????????ϡ??????ä????????ˤ??????????????????
LKScutumTitle,Scutum,????,????,?????
LKScutumLatin,the Shield,Scutum,Scutum,Scutum
LKScutumInfo,"Scutum is a small constellation introduced in the seventeenth century. Its name is Latin for shield.Scutum was named in 1684 by Polish astronomer Johannes Hevelius, who originally named it Scutum Sobiescianum (Shield of Sobieski) to commemorate the victory of the Christian forces led by Polish King John III Sobieski (Jan III Sobieski) in the Battle of Vienna in 1683. Later, the name was shortened to Scutum.","??????Scutum?????????""????????88????????С?????????????????Χ???????ӥ??????????????????????????????£????????˲??????Լ??????""?????""??????ͺ??һ????????ʷ????ء?ԭ??????Scutum Sobiescianum????????֮?ܣ????????683??????˼???Ҳ????ս????????̾??ӵĵĲ???Ӣ??͹??Լ????????ġ??????????????٣?????""","??????Scutum?????????""?????_??88??????_С???????__??????_???????_????_?????????????__?_֮?_??£?_??????˲?__?_??????""_??_?""?????????һ_?????ʷ???_??ԭ_????Scutum Sobiescianum??_?????֮?ܣ???????683???_???_Ҳ_??__?__??????_?ĵĲ?_Ӣ????_????????ġ??????????_??٣?????""",???????_???Scutum???ϡ?1684??ˡ????ӥ??????Τ?????? Scutum Sobiescianum ?Ȥ??ƥ??ͥ????إ???ꥦ???????????????????1679???ʧ?????إ???ꥦ????_ʩ_??ٽ???????????????????????ӥ???????????????Ǥ??롣
LKSerpensTitle,Serpens,????,????,?ؤ??
LKSerpensLatin,the Snake,Serpens,Serpens,Serpens
LKSerpensInfo,"In Greek mythology, Serpens represents a snake held by the healer Asclepius. Represented in the sky by the constellation Ophiuchus, Asclepius once killed a snake, but the animal was subsequently resurrected after a second snake placed a revival herb on it before its death. ",????????88????????ܶ????8????֮һ???ֳ?????֣????ͷ????Serpens Caput???͡??β????Serpens Cauda????????λ???????м䡣????Ϊ??????????????????????Ϊ???ҩ??ء?????????Ŵ????????ԫ????????????????ԫ???¥??,?????_??88_??????ܶ?_??8_??֮һ???ֳ????֣????_????Serpens Caput???͡??β????Serpens Cauda????????λ????????????_???????????__??????__??_?_???????_?Ŵ????????ԫ????????????????ԫ???_??,?ؤ????????Serpens???ϡ????ꥷ???_?ǡ??????????ԥ??????????_?ˤʤä???????äƤ????ϡ???ˤ????ݤ??????ä??????????ԥ???????֤Υ??????????????Ȥ??????ޤ????????????ԥ??????????????ä??????Ȥ⤤????????ᡢ????ߤϿդ?Ϥ??졢?ؤ???ˤʤä???
LKSextansTitle,Sextans,??????,?????,????֤??
LKSextansLatin,the Sextant,Sextans,Sextans,Sextans
LKSextansInfo,"Sextans is a minor equatorial constellation which was introduced in 1687 by Johannes Hevelius. Its name is Latin for the astronomical sextant, an instrument that Hevelius made frequent use of in his observations.",???????17????????????????????????С?????????ǣ???????????????.49???????ü?????ϵͳ?????????? ??????35???????40????⻹???????ǡ?????ź?????????Ĳ??????????ǡ???,??????17?_?_?????????????_??С?????????ǣ??????????_???.49????????__?ϵ_????????? ?????35??????40??????___???????????????????_???????????,????֤???????????Sextans???ϡ?1687??˥??ͥ????إ???ꥦ???ˤ????????줿???إ???ꥦ???ϡ?????_?????__??ä????????Ǥ???_???????????Ƥ?????
LKTriangulumAustraleTitle,Triangulum Australe,?????,?????,?ߤʤߤΤ??󤫤??
LKTriangulumAustraleLatin,the Southern Triangle,Triangulum Australe,Triangulum Australe,Triangulum Australe
LKTriangulumAustraleInfo,"Triangulum Australe is a small constellation in the far Southern Celestial Hemisphere. Its name is Latin for ""the southern triangle"", which distinguishes it from Triangulum in the northern sky and is derived from the almost equilateral pattern of its three brightest stars. ",1603????ݶ????ġ???????????????Զ?????????????Ҫ??̫???????????ھ?????????Ͱ?????Ա?γ???????µȱߵ????Ρ?,1603????????ġ?????????????__?????????????Ҫ??̫_??_??????????????Ͱ???????????_??µ??????Ρ?,?ߤʤߤΤ??󤫤?????????????Triangulum Australe???ϡ??????????ġ??ǰ????ǤΤĤ????ˤϡ???ˤ??󤫤???????롣
LKVulpeculaTitle,Vulpecula,?????,?????,?????Ĥ??
LKVulpeculaLatin,the Fox,Vulpecula,Vulpecula,Vulpecula
LKVulpeculaInfo,"Vulpecula is a faint constellation in the northern sky. Its name is Latin for ""little fox"".In the late 17th century, the astronomer Johannes Hevelius created Vulpecula. It was originally known as Vulpecula cum ansere or Vulpecula et Anser (""the little fox and the goose""), and was illustrated with a goose in the jaws of a fox.",???????Vulpecula???һ??λ??????????????????17??͡????΢?????λ??????????????????˸????Թ۲⡣1660?????????ѧ?Һ??????о?????????һ???????????????????ܲ???????ʹ?˫Ͳ?Զ???????Զ????Է????һ???Ȥ??????,??_???Vulpecula???һ_λ춱????????????_???7?_??__΢?????λ????_??????????˸????__??1660?????_??_?Һ??????_____??һ_????_??__????_?ܲ?_?????ʹ?_Ͳ?__?????__???__?һ_?Ȥ?????,?????Ĥ????С?????Vulpecula???ϡ??????ġ???????Υ٥????Ϥ????礦??Υǥͥ֡??路??Υ??륿???뤫????????Ĥδ???Ǥ????ˤ??롢Ŀ?????ʤ????Ǥ??롣???????ϡ?1687??ˡ??????ɤ????????ͥ????إ???ꥦ???ˤ????????줿[2]??
LKCanisMajorTitle,Canis Major,????,????,?????????
LKCanisMajorLatin,the Great Dog,Canis Major,Canis Major,Canis Major
LKCanisMajorInfo,"In Greek Mythology, Canis Major represented the dog Laelaps, a gift from Zeus to Europa; or sometimes the hound of Procris, Diana's nymph; or the one given by Aurora to Cephalus, so famed for its speed that Zeus elevated it to the sky.It was also considered to represent one of Orion's hunting dogs, pursuing Lepus the Hare or helping Orion fight Taurus the Bull; and is referred to in this way by Aratos, Homer and Hesiod. ",??????????????????ĺ?ǡ??????Ϊ?????˹??Laelaps?????ݳ??????????????????????һ?????????????Erechtheus??֮Ů???˷??˹??Cephalus??֮?????????????Procris??????????˷??˹??????߯?ݣ?Thebe????????Ϊ?????һֻ?Զ?????ᱻ׽???ĺ??꣬Ϊ?˽???????ǵ??飬?˹??????ʯͷ???????????˹????ա?,??????????????????ĺ?ǡ??????__???˹??Laelaps????__?׽??????????????__?????һ?????????????Erechtheus??֮Ů???˷??˹??Cephalus??֮??????_??˹??Procris?????_???˷??˹_????߯?ݣ?Thebe????????_?_ס?һֻ?_????_??׽???ĺ?_??_?˽?_?????ǵ??飬?˹_?__???_??___???˹????ա?,?Ȯ?饤???????Ӹ????Ƥ??롣?饤?????ϡ?Ԫ?????ѥ????ȥ??????????Τ?????ä????ؤ?_??򲶤ޤ??????????Ǥ??ä????????ȥ???_???????Τ??뤿???饤???????ĥ??ѥ?????ä?????????????ˤⲶ?ޤ????Ȥ???_??ˤ??ä????ᡢ?????Ӥ????뤳?Ȥ??Ǥ??????饤????????򲶤ޤ??뤳?Ȥ??Ǥ?????????????????_??????????_?????????ϡ?_???????????饤?????Ͽդ?Ϥ??Ƥ?????????Ȥ?????
LKCanisMinorTitle,Canis Minor,СȮ?,СȮ?,???????
LKCanisMinorLatin,the Lesser Dog,Canis Minor,Canis Minor,Canis Minor
LKCanisMinorInfo," In Greek mythology, Canis Minor was sometimes connected with the Teumessian Fox, a beast turned into stone with its hunter, Laelaps, by Zeus, who placed them in heaven as Canis Major and Canis Minor.",СȮ???????????ִ?????Ҳ?????8??֮һ?????????Ի??????֮һ????????????????СȮ?????????Ŵ???Ϻӡ?ˮλ????,СȮ?_??????????????Ҳ?????8??֮һ??__???__???Ȯ֮һ?????__Ȯ???????СȮ??????_?Ŵ???Ϻӡ?ˮλ????,?ҥ奮_?̥???_???륢?åƥ????ط??????_?Ǥϡ??ǥ????˥??????????ɥ??ȥ磻??_??????????_???ꥪ??????Ȯ?ޥ???????????
LKLepusTitle,Lepus,???,???,???????
LKLepusLatin,the Hare,Lepus,Lepus,Lepus
LKLepusInfo,"Lepus is located below the constellation Orion (the hunter), and is sometimes represented as a hare being chased by Orion or, alternatively, by Orion's hunting dogs.",??????????lepus????????Ի????ߵ??????????ܴ?????ˣ??Ի????׷????ӡ?????ܻ??ֵ?8??֮һ??Ҳ????88??֮һ??????????Ŵ???????޵???????????ޡ?,??????????lepus???????__??_???_??????ܴ????_???__???׷????ӡ???????ֵ?8??֮һ??Ҳ?_??88??֮һ???????_?Ŵ?????_??????_????_??,?????????_???Lepus???ϡ????ꥪ?????Ϥ??????Ƥ????????ȥ?_??8?????ġ????????Ϥ?????Фǡ????ꥪ???Ԫ?Ǵ????????륦?????ˤĤ?????٤Ƥ??롣
LKMonocerosTitle,Monoceros,??????,_???,???ä??????夦?
LKMonocerosLatin,the Unicorn,Monoceros,Monoceros,Monoceros
LKMonocerosInfo,"Monoceros is a faint constellation on the celestial equator. Its name is Greek for unicorn. Its definition is attributed to the 17th-century Dutch cartographer Petrus Plancius. It is bordered by Orion to the west, Gemini to the north, Canis Major to the south and Hydra to the east.",????????ϣ??: ???Ϧ??ʦŦѦ?????????????????????????????ϣ???????????ޡ????17??͵ĺ??????Ա???????Plancius??????????????????ǹٳ???????????????????????????ı߽?ڡ?,_?????ϣ_: ???Ϧ??ʦŦѦ?????????????_??????????????ϣ_?????_???????17?_?ĺ????_???????Plancius???_?????????_??ǹ?_?_??_?????????_???_?????????,???ä??????夦???һ?????Monoceros???ϡ?????Ǥ϶???Ϥοդ????롣???????ϡ?????????????ǵ?_???Υڥȥ륹???ץ????????ˤ????????줿???ץ?????????613?????ɤ?????_??Monoceros Unicornis ?Ȥ????ǰ??????褤?Ƥ?????
LKOrionTitle,Orion,?Ի??,__?,???ꥪ???
LKOrionLatin,"Orion, the Hunter",Orion,Orion,Orion
LKOrionInfo,"Orion is a prominent constellation located on the celestial equator and visible throughout the world. It is one of the most conspicuous and recognizable constellations in the night sky.??It was named after Orion, a hunter in Greek mythology. Its brightest stars are Rigel and Betelgeuse, a blue-white and a red supergiant, respectively.",?Ի????Orion???һ???ǳ?????????Ҳ??ҹ????????????ȫ?????????????Щ?ֲ??????ҫ???ǣ?Ҳ?????˶???õ?????Ҳ???Ի??һֱ???֮???????????˶???????????ĺӰ??????????ͷ??????????Ȯ?????һ?׷????????һЩ???????????????ĸ?????,__???Orion???һ_?ǳ?_???????Ҳ_?ҹ????????_??ȫ?????????????Щ?ֲ??????ҫ???ǣ?Ҳ?????˶?_?õ?????Ҳ???_?һֱ???֮????_????_????վ???????ĺӰ?????????__Ȯ???????Ȯ???_?һ?׷????????һЩ??????????????ĸ?????,???ꥪ?????Orion???ϡ??ȥ?_??8?????ġ????ꥷ????ˤ?????_?????ꥪ??_?ĤȤ?????????γ???ˤ??ꡢ??????????ˤ??????????????Ǥ?_????????Ŀӡ????뤤????त???ᡢ??????????Ǥ??ꡢ???Ф??????Ʒ?ʤɤˤ?_??ë????ʤɴ??夬ʹ????????Ǥ??롸һ???????ǡ??????Ǥ??????Υ??ꥪ???٥??????Ǥ????Ƥ??롣
LKAndromedaTitle,Andromeda,?Ů?,?Ů?,????????
LKAndromedaLatin,"Andromeda, the Chained Woman",Andromeda,Andromeda,Andromeda
LKAndromedaInfo,"Andromeda is known as ""the Chained Lady"" or ""the Chained Woman"" in English. The uranography of Andromeda has its roots most firmly in the Greek tradition, though a female figure in Andromeda's location had appeared earlier in Babylonian astronomy. The stars that make up Pisces and the middle portion of modern Andromeda formed a constellation representing a fertility goddess, sometimes named as Anunitum or the Lady of the Heavens.",?Ů?????????????????????˩ס????????????_??Ҳ??ǲ????˹֮?????˵???????ǹ???˸?˹??????ŷ??֮Ů??ϣ?????????ŷ???ҫ???????????????????Ů??Ҫò??????Ů?????????????????????ֿ??????????ǡ????????????˸?˹?Ӱ?????????Ҫ???????????????????????_???????С???????_?????˩???ʯ??????Ӣ??????˹?Ů?????????Ѻ??ֻ?Ϊ?ʯ?????????,?Ů????????_?_?????__˩ס????????????_??Ҳ??ǲ????˹֮???__???????_??˸?˹???????_?_֮Ů??ϣ_?__?????_?_?ҫ??????_???????????Ů_Ҫò??????Ů????????????????????ֿ???????????[_?????_??˸?˹_????_?????Ҫ????_?????????_??????__??_??С???????_??__˩???ʯ?????Ӣ??????˹?Ů????????Ѻ??ֻ?__ʯ?????????,?Ů???????_?ϡ??_??Υ??????ԥ????_?ڥ?????????롣???å????ڥ?????????֤??ò?ϥ???????(???Υ˥???)???롹?????줿???Ȥ˸?????Ƥ????????????????ݥ???????_?????Ȥ?????ݥ??????????????ԥ??˺??ι?辰_?ȥ?(???????)????路??_??????????????????_?ڥ??????_????Ƥ??Ȥ????_????????ˤϥ??????_???ȥ????_?Ȥ???????ʤ????ʤ????Ȥ??졢???????_?ϡ???_??Ҥ?????????
LKAurigaTitle,Auriga,????,????,???礷???
LKAurigaLatin,the Charioteer,Auriga,Auriga,Auriga
LKAurigaInfo,"In Greek mythology, Auriga is often identified as the mythological Greek hero Erichthonius of Athens, the chthonic son of Hephaestus who was raised by the goddess Athena. Erichthonius was generally credited to be the inventor of the quadriga, the four-horse chariot??",????ŵ???ʰ??????????Erichthonius???????????˹?˹֮????ĸΪŮ????ȣ????Ƚ̰???????????????????ѱ??????ʹ????????????????֮????˹Ϊ??????????????Ҳ?˵????????߯?˹֮?ϣ????˹??ߺն?ī˹֮??????˹??,_???ŵ???ʰ?_????˹??Erichthonius???????????˹?˹֮???_ĸ_Ů????ȣ????Ƚ̰?_????˹???????????__??_??ʹ??????_???___֮????˹__??_???????Ҳ?_??__??߯?˹֮?ϣ??_?˹??ߺն?ī˹֮?__??˹??,???礷?????_?????ϡ????ꥷ?????ұ????ѥ????ȥ????????????????Ǥ??륢?ƥʥ?????ꥯ?ȥ˥????Ȥ????ΤǤ??롣ĸ??????????Ƥ????ˤϡ?_????_?餹??????Ů??????ӡ?4_???Ƥ?_????????Ȥ??????????ơ??????????????????ˤ????Ϥ??????Ȥʤä??Ȥ??줿??
LKCassiopeiaTitle,Cassiopeia,????,????,???????ڥ??
LKCassiopeiaLatin,the Seated Queen,Cassiopeia,Cassiopeia,Cassiopeia
LKCassiopeiaInfo,"Cassiopeia is a constellation in the northern sky, named after the vain queen Cassiopeia in Greek mythology, who boasted about her unrivalled beauty. ",?????????????????Ű?????ǻʺ??ŷ????????????????ϻ?8???????֮һ??Ҳ????????ѧ?????г???8??????????????Ҳ??Ů?????????????ӡ?,?????????????????????????Ῠ?_?_????__??__??88__????֮һ??Ҳ????_??_?????г???8_???????_???Ҳ??Ů????_????????ӡ?,???å????ڥ????????????ڥ?????ϡ????????ԥ????_?ڥ????????ե??????????ޤ????Ǥ??ꡢ???????__???????????????_?Ǥ??롣
LKCepheusTitle,Cepheus,???,???,???ե??????
LKCepheusLatin,the King Cepheus,Cepheus,Cepheus,Cepheus
LKCepheusInfo,"Cepheus is a constellation in the northern sky. It is named after Cepheus, King of Aethiopia in Greek mythology.",??????ƥ?????˸?˹??Cepheus?????Ҳ??Ů??£?Io?????ȡ?????????ɷ?????ĸ????,??????ƥ__??˸?˹??Cepheus?????Ҳ??Ů?_??Io?????ȡ????????ɷ?????ĸ?_??,???ե???????ϡ???_?ڥ????ϥ??ꥷ???_?Υ??????ԥ???ǡ????å????ڥ???(???????ڥ??)?η򡢥??????_(????????)?θ???
LKCetusTitle,Cetus,????,__?,???????
LKCetusLatin,"the Whale, or Sea Monster",Cetus,Cetus,Cetus
LKCetusInfo,"Cetus may have originally been associated with a whale, which would have had mythic status amongst Mesopotamian cultures. It is most strongly associated with Cetus the sea-monster, who was slain by Perseus as he saved the princess Andromeda from Poseidon's wrath. ",??????????????????ȡ?ϣ???????ĺ??ֿ?У?Cetus????ϣ????Ϊ????????ӵ?һ??Ѫ?????ǰ??½??????һ??״??????????˹ɱ???,__???????_??????ȡ??_?_??ĺ??ֿ?У?Cetus????ϣ_?__????????_?һ_Ѫ?????ǰ??_??????һ_?_?????????????˹_???,?????????_????ϹŴ??????ä?????Ƥ????????ꥷ???_?Ǥϡ??_?Υ??????__????٤褦?Ȥ???????????????뤬??????_???򵹤???????ޤ?????꤫???ä????ڥ륻?????ˤ??ƥ???_????פ?????Ĥ???ʯ?ˤ??????ޤ???
LKLacertaTitle,Lacerta,???,???,?Ȥ????
LKLacertaLatin,the Lizard,Lacerta,Lacerta,Lacerta
LKLacertaInfo,"Lacerta'name is Latin for lizard. It was apparently not regarded as a constellation by ancient Western astronomers. Johannes Hevelius created the constellation in 1687 and initially christened it ""Stellio"" (the stellion), a newt with star-like dorsal spots found along the Mediterranean coast.",?????????8??֮һ???1687?Ϊ??????ѧ?Һ????????????λ????????????????ཻ???????λ????????????????֮?䣬??ɺ??һ??????????????Ŵ???????????_???û???صĹŴ???˵??????????????֮ǰ???Щ???????ճ??????֮?????ߡ????ҵ???????,????_????8??֮һ???1687?_??_??_?Һ??????????λ춱?????????????ཻ???_??λ?????????????֮_???????һ_??????????_?Ŵ?????_????_???_??_?ĹŴ?__????????????֮ǰ???Щ???Ƭ???_???_֮?????ߡ????ҵ?ҫ????,?Ȥ??????????????ϡ?1690??˥??ͥ????إ???ꥦ????????????_ Firmamentum Sobiescianum ?˳????????롣?إ???ꥦ??????????? (Stellio) ???????????äƤ??뤬?????????ǰ???????ޤä????Ȥ??????¤??????Τ???????ʤ???
LKPegasusTitle,Pegasus,???,__?,?ڥ??????
LKPegasusLatin,the Winged Horse,Pegasus,Pegasus,Pegasus
LKPegasusInfo,"Pegasus, in Greek mythology, was a winged horse with magical powers. Pegasus was the one who delivered Medusa's head to Polydectes, after which he travelled to Mount Olympus in order to be the bearer of thunder and lightning for Zeus. Eventually, he became the horse to Bellerophon, who was asked to kill the Chimera and succeeded with the help of Athena and Pegasus. ",?ϣ????????????˹ɱ??˸????????󣬴???????ǻ?????????????ƥ??????˹???ƥ???????????̷ɵ????ϣ??????????????????????ﴴ????????Ȫ???????????֮Դ?????Ⱥ??ѱ??????????????????????????ƥ??????һ????У?????????˦?ˤ???????????????󵽴?????????????????,?ϣ_?_????_?˹_??˸??????????_????_ǻ_????????????ƥ__?٤?˹??_ƥ_???????????????ϣ??_?????????????????__???Ȫ??_Ȫ?_?????????Դ???????_????ƥ_?????__??????_?_?_ƥ_?????һ????У?___????˦?ˤ???_?__????????_??????????_????,????????(?ڥ??????)?ϡ????ڥ륻??????????_????פ?ФäƵ??????Ȥ??ˡ?????_??_??_???????夫????ޤ줿????????????_?Ǥ??롣???????????????????äơ??????????????????_?ƥ????Υإꥳ???????Ť???????????????????????????Ф??褦??Ҥ??_?ä??Ȥ???????????????_???????Ȥ?????
LKPerseusTitle,Perseus,Ӣ??,Ӣ??,?ڥ륻?????
LKPerseusLatin,Perseus,Perseus,Perseus,Perseus
LKPerseusInfo,"In Greek mythology, Perseus was the son of Dana_, who was sent by King Polydectes to bring the head of Medusa the Gorgon??whose visage caused all who gazed upon her to turn to stone??as a wedding gift. Perseus slew Medusa in her sleep, and Pegasus and Chrysaor appeared from her body.",Ӣ???????＾????ӣ????ر?????????????Ӣ?????˹?һ?????????ɱ??˸??????????????????Ѻ???ľ??ֱ??ʯͷ?????????˸?????־????ʯ??İ??????????????ľ????˹??,Ӣ???????＾???ӣ???_??????_?_???Ӣ??_?˹?һ_???????_??˸?????????????????Ѻ??????_ʯ_???????????_??__ʯ??İ?????_??????????ľ????˹??,?ڥ륻???????ڥ륻????????ϡ?????ɥ?_???򵹤????ޤ????ι?辰_?ȥ???????????????_?ˤ??????Ȥ??Ƥ??????????__???????????????ä??餷???????Υڥ륻?????ϡ??????????ˤϥ???_????פ??äƤ??롣????_????פϤ??ޤ??֤??????_????????ˤʤäƤ??ޤ??Ȥ?????
LKTriangulumTitle,Triangulum,????,????,???󤫤??
LKTriangulumLatin,the Triangle,Triangulum,Triangulum,Triangulum
LKTriangulumInfo,"Triangulum is a small constellation in the northern sky. Its name is Latin for ""triangle"", derived from its three brightest stars, which form a long and narrow triangle. Known to the ancient Babylonians and Greeks, Triangulum was one of the 48 constellations too.",?????һ??????????????88??????????????Ҳ???????г???8????֮һ????????????Դ????ܵ????????Ҳ????????Sicilia?????Ϊ???ﵺ֮?Ceres??????????ذ????ﵺ?ŵ?????,?????һ_?????????_??88_????????_??Ҳ???????г???8_??֮һ??????????_Դ???ܵ????????Ҳ???__??Sicilia?????_??__֮?Ceres__???????ذ???__?ŵ?????,???󤫤?????????????ϡ?????????ǡ??ȥ?_??8?????ġ?3??Ǥ???Ǥ?__?????Τ?γɤ???????ʱ?????????_????뤤????ʤ??ΤǱ????֤??䤹?????????????ˤ???Ǥ??ǰ???Ĥ????ˡ??ߤʤߤΤ??󤫤???????롣
LKPosition,Position,?????,?????,?????
LKSeason,Season,?۲⼾??__??_,__??_,
LKLatin,Symbolism,?????,?????,ѧ?
LKSpring,Spring,????,????,??
LKSummer,Summer,???,???,?
LKAutumn,Autumn,???,???,?
LKWinter,Winter,????,????,??
LKNotifyTapCard,Press the Card to Continue,????Ƭ???,__??Ƭ__,Press the Card to Continue
LKUrsaMajor,Ursa Major,????????????????,,
LKZodiac,Zodiac,?Ƶ?,_??,?Ƶ?
LKPerseus,Perseus,Ӣ??,Ӣ??,?ڥ륻????
LKHercules,Hercules,???,???,?إ륯?쥹
LKOrion,Orion,?Ի??,__?,???ꥪ??
LKHeavenlyWaters,Heavenly Waters,???ˮ,???ˮ,????κ?
LKBayer,Bayer,?ݶ?,?ݶ?,?Х?????
LKLaCaille,La Caille,?????,?????,?饫_??
LKNext,Next,???,__,?Τ?
LKBack,Back,????????_??,,
LKOK,OK,ȷ??,_??,?Ϥ?
LKCancel,Cancel,ȡ?,ȡ?,??????